date,iso_a3,currency_code,name,local_price,dollar_ex,dollar_price,GDP_dollar,adj_price,USD,EUR,GBP,JPY,CNY
7/1/2011,ARG,ARS,Argentina,20,4.1325,4.83968542,9138.177,3.149756552,1.01089,0.47526,0.8497,0.90626,0.94622
7/1/2011,AUS,AUD,Australia,4.56,0.922381589,4.943724001,55589.549,5.792526187,0.11695,-0.18056,0.02742,0.05883,0.08103
7/1/2011,BRA,BRL,Brazil,9.5,1.5416,6.162428646,10816.487,3.245241067,1.48516,0.8232,1.28595,1.35584,1.40524
7/1/2011,GBR,GBP,Britain,2.39,0.614137444,3.891637,36119.846,4.684831459,0.08714,-0.20243,0,0.03058,0.05218
7/1/2011,CAN,CAD,Canada,4.73,0.94585,5.000792938,46214.914,5.259172711,0.24443,-0.08704,0.14468,0.17968,0.20441
7/1/2011,CHL,CLP,Chile,1850,462.75,3.997839006,11827.958,3.302786942,0.58414,0.16218,0.45716,0.50171,0.53319
7/1/2011,CHN,CNY,China,14.65,6.445,2.273079907,4382.136,2.879169911,0.03323,-0.24199,-0.04959,-0.02054,0
7/1/2011,COL,COP,Colombia,8400,1770.5,4.74442248,6273.372,2.986768478,1.07889,0.52514,0.91224,0.97071,1.01203
7/1/2011,CZE,CZK,Czech Republic,69.32,17.0219,4.072400848,18288.284,3.6703359,0.45209,0.0653,0.33569,0.37653,0.40539
7/1/2011,DNK,DKK,Denmark,28.5,5.19845,5.482403409,56147.143,5.824249523,0.23191,-0.09623,0.13316,0.16781,0.19229
7/1/2011,EGY,EGP,Egypt,14.09,5.962,2.363300906,2788.829,2.788521493,0.10916,-0.18628,0.02025,0.05144,0.07349
7/1/2011,EUZ,EUR,Euro area,3.437660401,0.697520315,4.928401836,36947,4.73189094,0.36308,0,0.25381,0.29215,0.31924
7/1/2011,HKG,HKD,Hong Kong,15.1,7.7918,1.937934752,31590.681,4.427152531,-0.42712,-0.57972,-0.47304,-0.45693,-0.44554
7/1/2011,HUN,HUF,Hungary,760,188.0724,4.040996978,12879.296,3.36260098,0.57276,0.15383,0.44669,0.49092,0.52218
7/1/2011,IND,INR,India,84,44.4,1.891891892,1264.839,2.701816745,-0.08359,-0.32769,-0.15705,-0.13128,-0.11306
7/1/2011,IDN,IDR,Indonesia,22534,8523,2.643904728,3015.374,2.801410375,0.23515,-0.09386,0.13614,0.17087,0.19542
7/1/2011,ISR,ILS,Israel,15.9,3.40335,4.671867425,28685.616,4.261873934,0.43463,0.05249,0.31963,0.35998,0.38849
7/1/2011,JPN,JPY,Japan,320,78.365,4.083455624,42820.392,5.066047314,0.05489,-0.2261,-0.02967,0,0.02097
7/1/2011,MYS,MYR,Malaysia,7.2,2.973,2.421796165,8423.176,3.10907782,0.01942,-0.25212,-0.06229,-0.03362,-0.01336
7/1/2011,MEX,MXN,Mexico,32,11.67075,2.741897479,9565.962,3.174094632,0.13053,-0.17061,0.0399,0.0717,0.09417
7/1/2011,NZL,NZD,New Zealand,5.1,1.156069364,4.411500001,32145.233,4.458702798,0.29487,-0.05004,0.19108,0.22749,0.25323
7/1/2011,NOR,NOK,Norway,45,5.41405,8.311707502,84443.634,7.43412893,0.46322,0.07347,0.34593,0.38708,0.41616
7/1/2011,PAK,PKR,Pakistan,205.13,86.345,2.375702125,1049.749,2.689579576,0.156,-0.15192,0.06333,0.09584,0.11882
7/1/2011,PER,PEN,Peru,10,2.7375,3.652968037,5171.651,2.924087987,0.63495,0.19946,0.50389,0.54988,0.58237
7/1/2011,PHL,PHP,Philippines,118,42.41,2.78236265,2007.362,2.744061294,0.32699,-0.02647,0.22062,0.25794,0.28432
7/1/2011,POL,PLN,Poland,8.63,2.7968,3.085669336,12300.126,3.329650115,0.21283,-0.11023,0.11561,0.14972,0.17383
7/1/2011,RUS,RUB,Russia,75,27.7525,2.702459238,10437.49,3.223678695,0.09713,-0.19511,0.00918,0.04004,0.06184
7/1/2011,SAU,SAR,Saudi Arabia,10,3.7502,2.666524452,16995.78,3.596801143,-0.02976,-0.2882,-0.10754,-0.08025,-0.06097
7/1/2011,SGP,SGD,Singapore,4.41,1.20705,3.653535479,43116.689,5.082904614,-0.0593,-0.30987,-0.13471,-0.10825,-0.08955
7/1/2011,ZAF,ZAR,South Africa,19.45,6.76885,2.873457087,7157.801,3.03708652,0.23822,-0.0916,0.13896,0.17379,0.1984
7/1/2011,KOR,KRW,South Korea,3700,1056.2,3.503124408,20590.962,3.801342741,0.20606,-0.1152,0.10938,0.1433,0.16727
7/1/2011,SWE,SEK,Sweden,48.4,6.3352,7.639853517,48874.608,5.410491353,0.84798,0.35574,0.69985,0.75182,0.78855
7/1/2011,CHE,CHF,Switzerland,6.5,0.80615,8.063015568,67245.997,6.455699426,0.63457,0.19918,0.50354,0.54951,0.582
7/1/2011,TWN,TWD,Taiwan,75,28.834,2.601095928,18457.752,3.679977485,-0.07496,-0.32136,-0.14911,-0.12309,-0.10471
7/1/2011,THA,THB,Thailand,70,29.75,2.352941176,4991.525,2.913840033,0.0568,-0.22469,-0.02791,0.00181,0.02282
7/1/2011,TUR,TRY,Turkey,6.5,1.72285,3.772818295,10398.685,3.221470952,0.53271,0.12445,0.40985,0.45296,0.48342
7/1/2011,USA,USD,United States,4.065,1,4.065,47283.633,5.319975611,0,-0.26637,-0.08016,-0.05203,-0.03216
1/1/2012,ARG,ARS,Argentina,20,4.3135,4.636606004,9138.177,2.994189696,0.75552,0.49594,0.71806,0.69432,0.76178
1/1/2012,AUS,AUD,Australia,4.8,0.972337012,4.93656,55589.549,5.142346222,0.0883,-0.07262,0.06508,0.05036,0.09218
1/1/2012,BRA,BRL,Brazil,10.25,1.805,5.67867036,10816.487,3.071803606,1.09574,0.78585,1.05103,1.02269,1.10322
1/1/2012,GBR,GBP,Britain,2.49,0.651253663,3.823395002,36119.846,4.24196443,0.0218,-0.12929,0,-0.01382,0.02545
1/1/2012,CAN,CAD,Canada,4.73,1.02095,4.632939909,46214.914,4.708813638,0.1154,-0.04953,0.0916,0.07652,0.11938
1/1/2012,CHL,CLP,Chile,2050,506.05,4.050983104,11827.958,3.118579361,0.47261,0.25486,0.44119,0.42128,0.47787
1/1/2012,CHN,CNY,China,15.4,6.3155,2.438445095,4382.136,2.774245267,-0.00356,-0.1509,-0.02482,-0.03829,0
1/1/2012,COL,COP,Colombia,8400,1852.15,4.535269822,6273.372,2.861705998,0.79665,0.53099,0.75831,0.73402,0.80306
1/1/2012,CZE,CZK,Czech Republic,70.22,20.36535,3.448013415,18288.284,3.417338921,0.14384,-0.02529,0.11943,0.10397,0.14792
1/1/2012,DNK,DKK,Denmark,31.5,5.86135,5.37418854,56147.143,5.168132311,0.17886,0.00455,0.15371,0.13777,0.18307
1/1/2012,EGY,EGP,Egypt,15.5,6.037,2.567500414,2788.829,2.700562345,0.07781,-0.08156,0.05481,0.04024,0.08165
1/1/2012,EUZ,EUR,Euro area,3.49245637,0.788239467,4.430704775,36947,4.280216396,0.17352,0,0.14848,0.13262,0.17771
1/1/2012,HKG,HKD,Hong Kong,16.5,7.76735,2.124276619,31590.681,4.032511944,-0.4028,-0.4911,-0.41554,-0.42362,-0.40067
1/1/2012,HUN,HUF,Hungary,645,245.69425,2.625214062,12879.296,3.167198778,-0.06033,-0.19928,-0.08038,-0.09309,-0.05698
1/1/2012,IND,INR,India,84,51.905,1.6183412,1264.839,2.630085006,-0.30244,-0.40558,-0.31732,-0.32675,-0.29994
1/1/2012,IDN,IDR,Indonesia,22534,9160,2.460043668,3015.374,2.711038981,0.02871,-0.1234,0.00676,-0.00715,0.03238
1/1/2012,ISR,ILS,Israel,15.9,3.8485,4.131479797,28685.616,3.898166411,0.20152,0.02385,0.17588,0.15963,0.20581
1/1/2012,JPN,JPY,Japan,320,76.92,4.160166407,42820.392,4.551833031,0.03612,-0.11709,0.01401,0,0.03982
1/1/2012,MYS,MYR,Malaysia,7.35,3.13955,2.341099839,8423.176,2.961124278,-0.10371,-0.23624,-0.12284,-0.13495,-0.10051
1/1/2012,MEX,MXN,Mexico,37,13.6844,2.703808716,9565.962,3.013972732,0.017,-0.13338,-0.0047,-0.01845,0.02063
1/1/2012,NZL,NZD,New Zealand,5.1,1.26000126,4.047615,32145.233,4.058157355,0.13072,-0.03647,0.10659,0.0913,0.13476
1/1/2012,NOR,NOK,Norway,41,6.0399,6.788191857,84443.634,6.476711352,0.18818,0.01249,0.16283,0.14677,0.19243
1/1/2012,PAK,PKR,Pakistan,260,90.05,2.887284842,1049.749,2.62013811,0.24925,0.06453,0.2226,0.20571,0.25371
1/1/2012,PER,PEN,Peru,10,2.6925,3.714020427,5171.651,2.810756606,0.49798,0.27648,0.46602,0.44576,0.50333
1/1/2012,PHL,PHP,Philippines,118,44.005,2.681513464,2007.362,2.664423187,0.14094,-0.02777,0.11659,0.10116,0.14501
1/1/2012,POL,PLN,Poland,9.1,3.52045,2.584896817,12300.126,3.140414901,-0.06687,-0.20485,-0.08678,-0.0994,-0.06354
1/1/2012,RUS,RUB,Russia,81,31.7693,2.549631248,10437.49,3.054276785,-0.05365,-0.19358,-0.07384,-0.08663,-0.05027
1/1/2012,SAU,SAR,Saudi Arabia,10,3.7502,2.666524452,16995.78,3.357566717,-0.09966,-0.23279,-0.11887,-0.13105,-0.09645
1/1/2012,SGP,SGD,Singapore,4.85,1.2928,3.75154703,43116.689,4.565535367,-0.06846,-0.2062,-0.08833,-0.10093,-0.06513
1/1/2012,ZAF,ZAR,South Africa,19.95,8.1304,2.453753813,7157.801,2.902606661,-0.04164,-0.18335,-0.06209,-0.07505,-0.03822
1/1/2012,KOR,KRW,South Korea,3700,1158.75,3.193096009,20590.962,3.523826901,0.02726,-0.12463,0.00535,-0.00854,0.03093
1/1/2012,SWE,SEK,Sweden,41,6.9338,5.913063544,48874.608,4.831811922,0.38735,0.18221,0.35775,0.33899,0.39231
1/1/2012,CHE,CHF,Switzerland,6.5,0.9551,6.805570097,67245.997,5.681401879,0.35798,0.15718,0.32901,0.31064,0.36283
1/1/2012,TWN,TWD,Taiwan,75,29.9795,2.501709501,18457.752,3.425176016,-0.17198,-0.29442,-0.18965,-0.20085,-0.16903
1/1/2012,THA,THB,Thailand,78,31.75,2.456692913,4991.525,2.802426629,-0.0062,-0.15314,-0.0274,-0.04084,-0.00265
1/1/2012,TUR,TRY,Turkey,6.6,1.86295,3.54276819,10398.685,3.052482237,0.31575,0.1212,0.28768,0.26989,0.32045
1/1/2012,USA,USD,United States,4.19722,1,4.19722,47283.633,4.758236843,0,-0.14786,-0.02134,-0.03486,0.00357
7/1/2012,ARG,ARS,Argentina,19,4.56625,4.160963592,9138.177,3.005568009,0.48886,0.34071,0.38747,0.50965,0.5824
7/1/2012,AUS,AUD,Australia,4.56,0.974326497,4.680155999,55589.549,5.012892059,0.00406,-0.09585,-0.06432,0.01808,0.06714
7/1/2012,BRA,BRL,Brazil,10.08,2.04215,4.935974341,10816.487,3.078093574,0.72456,0.55296,0.60711,0.74864,0.83291
7/1/2012,GBR,GBP,Britain,2.69,0.646266197,4.1623715,36119.846,4.171539018,0.07308,-0.0337,0,0.08806,0.1405
7/1/2012,CAN,CAD,Canada,5.12,1.01945,5.022315955,46214.914,4.607781736,0.17219,0.05555,0.09236,0.18856,0.24584
7/1/2012,CHL,CLP,Chile,2050,493.05,4.157793327,11827.958,3.121802726,0.43233,0.28981,0.33479,0.45233,0.52232
7/1/2012,CHN,CNY,China,15.65,6.3885,2.44971433,4382.136,2.800043068,-0.05911,-0.15274,-0.12319,-0.04597,0
7/1/2012,COL,COP,Colombia,8600,1804.475,4.765929148,6273.372,2.8817699,0.77858,0.60161,0.65746,0.80342,0.89033
7/1/2012,CZE,CZK,Czech Republic,70.33,21.048,3.34141011,18288.284,3.400975702,0.0566,-0.04853,-0.01535,0.07136,0.12299
7/1/2012,DNK,DKK,Denmark,28.5,6.1356,4.645022492,56147.143,5.03698762,-0.00825,-0.10693,-0.07579,0.0056,0.05406
7/1/2012,EGY,EGP,Egypt,16,6.0665,2.637435094,2788.829,2.731190775,0.03852,-0.06481,-0.0322,0.05303,0.10377
7/1/2012,EUZ,EUR,Euro area,3.583482241,0.824844311,4.344434693,36947,4.207283196,0.1105,0,0.03487,0.12601,0.18027
7/1/2012,HKG,HKD,Hong Kong,16.5,7.75815,2.126795692,31590.681,3.975818172,-0.42471,-0.48195,-0.46389,-0.41668,-0.38857
7/1/2012,HUN,HUF,Hungary,830,238.2151,3.484245961,12879.296,3.167234668,0.18308,0.06536,0.10251,0.1996,0.25741
7/1/2012,IND,INR,India,89,56.165,1.584616754,1264.839,2.665333909,-0.36062,-0.42424,-0.40416,-0.35169,-0.32045
7/1/2012,IDN,IDR,Indonesia,24200,9482.5,2.552069602,3015.374,2.740980566,0.00132,-0.09831,-0.06687,0.0153,0.06423
7/1/2012,ISR,ILS,Israel,11.9,4.07625,2.919349893,28685.616,3.85028029,-0.18458,-0.26572,-0.24011,-0.1732,-0.13335
7/1/2012,JPN,JPY,Japan,320,78.22,4.091025313,42820.392,4.461092729,-0.01377,-0.11191,-0.08093,0,0.04819
7/1/2012,MYS,MYR,Malaysia,7.4,3.1735,2.331810304,8423.176,2.974670349,-0.15698,-0.24086,-0.21438,-0.1452,-0.10401
7/1/2012,MEX,MXN,Mexico,37,13.687,2.703295098,9565.962,3.024054074,-0.03863,-0.13429,-0.1041,-0.02521,0.02177
7/1/2012,NZL,NZD,New Zealand,5.1,1.273560876,4.004520001,32145.233,3.999782277,0.07671,-0.03042,0.00339,0.09175,0.14436
7/1/2012,NOR,NOK,Norway,43,6.09205,7.058379363,84443.634,6.259776624,0.21264,0.09198,0.13006,0.22958,0.28883
7/1/2012,PAK,PKR,Pakistan,285,94.605,3.012525765,1049.749,2.656039128,0.21978,0.09841,0.13672,0.23682,0.29642
7/1/2012,PHL,PHP,Philippines,118,42.2,2.796208531,2007.362,2.69742089,0.11483,0.0039,0.03891,0.13039,0.18487
7/1/2012,POL,PLN,Poland,9.1,3.46035,2.629791784,12300.126,3.142206734,-0.09994,-0.1895,-0.16123,-0.08737,-0.04339
7/1/2012,RUS,RUB,Russia,75,32.76525,2.289010461,10437.49,3.061715806,-0.19598,-0.27598,-0.25073,-0.18475,-0.14546
7/1/2012,SAU,SAR,Saudi Arabia,10,3.75025,2.666488901,16995.78,3.345122145,-0.14274,-0.22804,-0.20112,-0.13077,-0.08888
7/1/2012,SGP,SGD,Singapore,4.4,1.2585,3.496225665,43116.689,4.473896745,-0.15957,-0.2432,-0.21681,-0.14784,-0.10677
7/1/2012,ZAF,ZAR,South Africa,19.95,8.4683,2.355844739,7157.801,2.919989129,-0.13234,-0.21867,-0.19142,-0.12022,-0.07782
7/1/2012,KOR,KRW,South Korea,3700,1151,3.214596003,20590.962,3.500482363,-0.01239,-0.11066,-0.07965,0.0014,0.04966
7/1/2012,SWE,SEK,Sweden,39.97301987,6.9777,5.728681352,48874.608,4.722716291,0.30451,0.17471,0.21568,0.32273,0.38648
7/1/2012,CHE,CHF,Switzerland,6.5,0.9906,6.56167979,67245.997,5.516607394,0.27917,0.15189,0.19206,0.29704,0.35954
7/1/2012,TWN,TWD,Taiwan,75,30.1955,2.483813813,18457.752,3.408298999,-0.21627,-0.29425,-0.26964,-0.20532,-0.16703
7/1/2012,THA,THB,Thailand,82,31.7,2.586750789,4991.525,2.826376869,-0.01574,-0.11368,-0.08277,-0.00199,0.0461
7/1/2012,TUR,TRY,Turkey,8.25,1.8269,4.515846516,10398.685,3.060038908,0.58708,0.42916,0.479,0.60924,0.68679
7/1/2012,USA,USD,United States,4.3275,1,4.3275,47283.633,4.653964772,0,-0.0995,-0.0681,0.01397,0.06283
1/1/2013,ARG,ARS,Argentina,19,4.9765,3.817944338,10959.082,3.256147146,0.31584,0.09142,0.23714,0.5993,0.3731
1/1/2013,AUS,AUD,Australia,4.7,0.959094615,4.900454998,66371.218,5.69545441,-0.03443,-0.1991,-0.09218,0.17358,0.00759
1/1/2013,BRA,BRL,Brazil,11.25,1.99335,5.64376552,12788.551,3.336682519,0.89815,0.57443,0.78462,1.30706,0.98076
1/1/2013,GBR,GBP,Britain,2.69,0.633211968,4.248182498,38811.424,4.482239931,0.06362,-0.11778,0,0.29275,0.1099
1/1/2013,CAN,CAD,Canada,5.41,1.0029,5.394356367,50496.043,4.996610574,0.21155,0.00492,0.13908,0.47255,0.26427
1/1/2013,CHL,CLP,Chile,2050,471.75,4.345521993,14403.111,3.407757345,0.43103,0.18697,0.34544,0.73931,0.49331
1/1/2013,CHN,CNY,China,16,6.2204,2.572181853,5416.668,3.012163577,-0.0417,-0.20514,-0.09902,0.16474,0
1/1/2013,COL,COP,Colombia,8600,1773.175,4.850057101,7114.33,3.08689665,0.7632,0.46249,0.65774,1.14304,0.83993
1/1/2013,CZE,CZK,Czech Republic,70.33,18.89495,3.722158566,20435.875,3.673326697,0.13714,-0.0568,0.06912,0.3821,0.18662
1/1/2013,DNK,DKK,Denmark,28.5,5.49795,5.183750307,59708.962,5.402174081,0.07684,-0.10681,0.01244,0.30882,0.12371
1/1/2013,EGY,EGP,Egypt,16,6.68575,2.393149609,2931.827,2.902777959,-0.07481,-0.2326,-0.13014,0.1245,-0.03454
1/1/2013,EUZ,EUR,Euro area,3.594849572,0.736946829,4.878031129,40137.01059,4.540593809,0.20562,0,0.13351,0.46533,0.25808
1/1/2013,HKG,HKD,Hong Kong,17,7.7591,2.190975757,34259.337,4.281851719,-0.42577,-0.52371,-0.46012,-0.30207,-0.40078
1/1/2013,HUN,HUF,Hungary,830,217.46935,3.816629792,14050.009,3.39221338,0.26262,0.04729,0.1871,0.53462,0.31757
1/1/2013,IND,INR,India,89,53.395,1.666822736,1513.618,2.840346735,-0.34144,-0.45376,-0.38083,-0.19957,-0.31278
1/1/2013,IDN,IDR,Indonesia,27939,9767.5,2.860404402,3511.799,2.928309008,0.09619,-0.09076,0.03063,0.33234,0.1439
1/1/2013,ISR,ILS,Israel,14.9,3.72455,4.00048328,32350.817,4.197836428,0.06946,-0.11294,0.00549,0.29985,0.116
1/1/2013,JPN,JPY,Japan,320,91.065,3.513973535,45869.72,4.792954405,-0.17724,-0.31756,-0.22645,0,-0.14144
1/1/2013,MYS,MYR,Malaysia,7.95,3.083,2.578657152,10084.608,3.217651774,-0.10064,-0.25403,-0.15444,0.0931,-0.06151
1/1/2013,MEX,MXN,Mexico,37,12.7384,2.904603404,10146.041,3.220356127,0.01218,-0.16044,-0.04836,0.23023,0.05623
1/1/2013,NZL,NZD,New Zealand,5.2,1.202428906,4.324580001,35973.02,4.357290056,0.11379,-0.07616,0.04718,0.35373,0.16226
1/1/2013,NOR,NOK,Norway,43,5.4831,7.842279003,97607.32,7.070504282,0.24471,0.03243,0.17026,0.51285,0.29888
1/1/2013,PAK,PKR,Pakistan,290,97.665,2.969333948,1199.111,2.826501767,0.17893,-0.02214,0.10841,0.4329,0.23023
1/1/2013,PER,PEN,Peru,10,2.5595,3.907013088,5904.494,3.03363825,0.4453,0.19881,0.35885,0.75665,0.5082
1/1/2013,PHL,PHP,Philippines,118,40.6,2.906403941,2344.889,2.87694026,0.13371,-0.05964,0.0659,0.37794,0.18305
1/1/2013,POL,PLN,Poland,9.1,3.092,2.943078913,13468.655,3.366621495,-0.01897,-0.18628,-0.07764,0.19237,0.02373
1/1/2013,RUS,RUB,Russia,72.88,30.045,2.425694791,12993.358,3.345698363,-0.18637,-0.32513,-0.23504,-0.0111,-0.15096
1/1/2013,SAU,SAR,Saudi Arabia,11,3.7502,2.933176897,21196.287,3.706800926,-0.11199,-0.26344,-0.16511,0.0793,-0.07335
1/1/2013,SGP,SGD,Singapore,4.5,1.23485,3.644167308,49270.872,4.942677108,-0.17261,-0.31372,-0.22209,0.00564,-0.1366
1/1/2013,ZAF,ZAR,South Africa,20.9,9.047,2.310158063,8078.451,3.129338388,-0.17155,-0.31284,-0.2211,0.00692,-0.1355
1/1/2013,KOR,KRW,South Korea,3700,1085.475,3.408645984,22424.062,3.760849022,0.01712,-0.15635,-0.04371,0.23623,0.06138
1/1/2013,SWE,SEK,Sweden,40.55930138,6.3492,6.388096355,57638.234,5.311018204,0.3498,0.1196,0.26907,0.64058,0.40854
1/1/2013,CHE,CHF,Switzerland,6.5,0.9123,7.124849282,83072.845,6.430679633,0.24336,0.0313,0.16899,0.51121,0.29747
1/1/2013,TWN,TWD,Taiwan,75,29.502,2.542200529,20082.918,3.657789115,-0.22005,-0.35307,-0.2667,-0.05203,-0.18611
1/1/2013,THA,THB,Thailand,87,29.755,2.92387834,5394.714,3.011197136,0.08967,-0.09617,0.0245,0.32442,0.1371
1/1/2013,TUR,TRY,Turkey,8.45,1.76875,4.777385159,10362.609,3.229889705,0.65989,0.3768,0.56061,1.01747,0.73213
1/1/2013,USA,USD,United States,4.367395833,1,4.367395833,48327.861,4.901164657,0,-0.17055,-0.05981,0.21542,0.04352
7/1/2013,ARG,ARS,Argentina,21,5.4125,3.879907621,10959.082,3.122281494,0.286,0.16451,0.33223,0.79239,0.3749
7/1/2013,AUS,AUD,Australia,5.035,1.089858863,4.619864251,66371.218,5.484971452,-0.12834,-0.21069,-0.09701,0.21489,-0.06809
7/1/2013,BRA,BRL,Brazil,12,2.27065,5.284830335,12788.551,3.200287295,0.70897,0.54751,0.7704,1.38191,0.8271
7/1/2013,GBR,GBP,Britain,2.69,0.669142494,4.020070499,38811.424,4.309863376,-0.0347,-0.1259,0,0.34541,0.03203
7/1/2013,CAN,CAD,Canada,5.53,1.05125,5.260404281,50496.043,4.808077918,0.13224,0.02528,0.17294,0.57809,0.21051
7/1/2013,CHL,CLP,Chile,2000,508.155,3.935806988,14403.111,3.269129699,0.24593,0.12822,0.29072,0.73654,0.33206
7/1/2013,CHN,CNY,China,16,6.1341,2.608369606,5416.668,2.885961315,-0.06466,-0.15302,-0.03103,0.30365,0
7/1/2013,COL,COP,Colombia,8600,1921,4.476834982,7114.33,2.958347064,0.56608,0.41813,0.62238,1.18276,0.67434
7/1/2013,CZE,CZK,Czech Republic,70.45,20.1828,3.490595953,20435.875,3.526357664,0.02439,-0.07239,0.06121,0.42777,0.0952
7/1/2013,DNK,DKK,Denmark,28.5,5.8006,4.913284833,59708.962,5.200902898,-0.02234,-0.11471,0.0128,0.36263,0.04524
7/1/2013,EGY,EGP,Egypt,16.75,7.00915,2.38973342,2931.827,2.78001144,-0.1104,-0.19444,-0.07842,0.2399,-0.0489
7/1/2013,EUZ,EUR,Euro area,3.623870489,0.777756173,4.659391484,40137.01059,4.36638439,0.10433,0,0.14403,0.53919,0.18067
7/1/2013,HKG,HKD,Hong Kong,17,7.75665,2.191667795,34259.337,4.115769248,-0.44892,-0.50098,-0.42911,-0.23192,-0.41082
7/1/2013,HUN,HUF,Hungary,860,228.462,3.76430216,14050.009,3.254073962,0.19715,0.08405,0.24019,0.66856,0.27991
7/1/2013,IND,INR,India,90,59.98,1.500500167,1513.618,2.719541146,-0.429,-0.48295,-0.40848,-0.20416,-0.38953
7/1/2013,IDN,IDR,Indonesia,27939,9965,2.803712995,3511.799,2.804740572,0.03451,-0.06323,0.07169,0.44187,0.10602
7/1/2013,ISR,ILS,Israel,17.5,3.64595,4.799846405,32350.817,4.034392831,0.23124,0.11492,0.2755,0.71606,0.31635
7/1/2013,JPN,JPY,Japan,320,100.105,3.196643524,45869.72,4.610818479,-0.28252,-0.35031,-0.25673,0,-0.23293
7/1/2013,MYS,MYR,Malaysia,7.3,3.1805,2.295236598,10084.608,3.084995241,-0.23004,-0.30279,-0.20237,0.07314,-0.17682
7/1/2013,MEX,MXN,Mexico,37,12.94115,2.859096757,10146.041,3.087614651,-0.04171,-0.13224,-0.00726,0.33564,0.02454
7/1/2013,NZL,NZD,New Zealand,5.5,1.279344975,4.299075001,35973.02,4.188838108,0.06212,-0.03822,0.1003,0.48035,0.13554
7/1/2013,NOR,NOK,Norway,46,6.1281,7.506404922,97607.32,6.816831761,0.13957,0.03191,0.18054,0.5883,0.21835
7/1/2013,PAK,PKR,Pakistan,300,100.035,2.998950367,1199.111,2.706131041,0.14687,0.03852,0.18809,0.59847,0.22614
7/1/2013,PER,PEN,Peru,10,2.783,3.5932447,5904.494,2.90676148,0.27929,0.15843,0.32528,0.78304,0.36772
7/1/2013,PHL,PHP,Philippines,115.21,43.44,2.652163904,2344.889,2.754985288,-0.00374,-0.09786,0.03207,0.38856,0.06513
7/1/2013,POL,PLN,Poland,9.2,3.3655,2.733620562,13468.655,3.229285904,-0.12396,-0.20672,-0.09247,0.221,-0.0634
7/1/2013,RUS,RUB,Russia,87,32.9389,2.641253958,12993.358,3.209019956,-0.14821,-0.22869,-0.1176,0.18719,-0.08933
7/1/2013,SAU,SAR,Saudi Arabia,10,3.7502,2.666524452,21196.287,3.558780485,-0.22458,-0.29784,-0.19671,0.08076,-0.17098
7/1/2013,SGP,SGD,Singapore,4.7,1.2747,3.687142073,49270.872,4.755838474,-0.19767,-0.27347,-0.16882,0.11827,-0.1422
7/1/2013,ZAF,ZAR,South Africa,22.5,10.04725,2.239418746,8078.451,2.99945573,-0.22735,-0.30034,-0.19957,0.0769,-0.17393
7/1/2013,KOR,KRW,South Korea,3900,1135.7,3.434005459,22424.062,3.61113096,-0.01588,-0.10885,0.0195,0.37164,0.05215
7/1/2013,SWE,SEK,Sweden,41.61,6.7583,6.15687377,57638.234,5.112610178,0.24626,0.12852,0.29106,0.73701,0.33241
7/1/2013,CHE,CHF,Switzerland,6.5,0.9674,6.719040728,83072.845,6.197103654,0.12205,0.01604,0.16238,0.56388,0.19961
7/1/2013,TWN,TWD,Taiwan,79,30.0285,2.630834041,20082.918,3.511308109,-0.22462,-0.29787,-0.19674,0.08071,-0.17102
7/1/2013,THA,THB,Thailand,89,31.275,2.845723421,5394.714,2.885025229,0.02079,-0.07565,0.05748,0.42274,0.09135
7/1/2013,TUR,TRY,Turkey,8.5,1.95745,4.342384224,10362.609,3.096848784,0.45111,0.31402,0.50327,1.02252,0.55142
7/1/2013,USA,USD,United States,4.556666667,1,4.556666667,48327.861,4.715629906,0,-0.09448,0.03595,0.39377,0.06913
1/1/2014,ARG,ARS,Argentina,21,6.92125,3.034134008,10959.082,3.136148629,0.02583,-0.1195,-0.06885,0.55734,0.01363
1/1/2014,AUS,AUD,Australia,5.05,1.128859288,4.473542499,66371.218,5.756245671,-0.17596,-0.2927,-0.25201,0.251,-0.18576
1/1/2014,BRA,BRL,Brazil,12.4,2.36305,5.247455619,12788.551,3.222652898,0.72652,0.48192,0.56718,1.62107,0.70598
1/1/2014,GBR,GBP,Britain,2.79,0.603009015,4.6267965,38811.424,4.453113542,0.10167,-0.0544,0,0.67248,0.08857
1/1/2014,CAN,CAD,Canada,5.54,1.1051,5.013120985,50496.043,5.005606875,0.06191,-0.08853,-0.03609,0.61211,0.04928
1/1/2014,CHL,CLP,Chile,2000,541.95,3.690377341,14403.111,3.29899545,0.18611,0.01808,0.07664,0.80067,0.172
1/1/2014,CHN,CNY,China,16.6,6.0513,2.743212202,5416.668,2.874082165,0.01204,-0.13134,-0.08136,0.5364,0
1/1/2014,COL,COP,Colombia,8600,1982.795,4.337311724,7114.33,2.954354097,0.55666,0.33613,0.413,1.36321,0.53815
1/1/2014,CZE,CZK,Czech Republic,70.45,20.2838,3.473215078,20435.875,3.584247531,0.02747,-0.11809,-0.06735,0.55983,0.01525
1/1/2014,DNK,DKK,Denmark,28.5,5.5014,5.180499509,59708.962,5.441228808,0.00951,-0.13351,-0.08366,0.53256,-0.0025
1/1/2014,EGY,EGP,Egypt,16.93,6.961,2.432121822,2931.827,2.756589409,-0.06449,-0.19702,-0.15083,0.42023,-0.07561
1/1/2014,EUZ,EUR,Euro area,3.657962724,0.737218475,4.961843535,40137.01059,4.51579233,0.16505,0,0.05753,0.7687,0.15119
1/1/2014,HKG,HKD,Hong Kong,18,7.75785,2.320230476,34259.337,4.237873514,-0.41948,-0.50172,-0.47305,-0.11869,-0.42638
1/1/2014,HUN,HUF,Hungary,860,223.09705,3.854824616,14050.009,3.282299441,0.24527,0.06885,0.13034,0.89047,0.23046
1/1/2014,IND,INR,India,95,61.845,1.53609831,1513.618,2.689531081,-0.39441,-0.4802,-0.4503,-0.08064,-0.40161
1/1/2014,IDN,IDR,Indonesia,27939,12140,2.301400329,3511.799,2.784012697,-0.12349,-0.24766,-0.20438,0.33065,-0.13391
1/1/2014,ISR,ILS,Israel,17.5,3.4882,5.016914168,32350.817,4.147631413,0.28255,0.10085,0.16418,0.94707,0.26729
1/1/2014,JPN,JPY,Japan,310,104.245,2.97376373,45869.72,4.786856686,-0.34129,-0.43461,-0.40209,0,-0.34913
1/1/2014,MYS,MYR,Malaysia,7.4,3.3235,2.226568377,10084.608,3.094800164,-0.23715,-0.34522,-0.30755,0.1581,-0.24622
1/1/2014,MEX,MXN,Mexico,37,13.33275,2.775121412,10146.041,3.097704951,-0.0501,-0.18467,-0.13777,0.44207,-0.0614
1/1/2014,NZL,NZD,New Zealand,5.5,1.203007519,4.571874999,35973.02,4.31890298,0.12242,-0.03659,0.01884,0.70398,0.10907
1/1/2014,NOR,NOK,Norway,48,6.15745,7.795434798,97607.32,7.233207657,0.14273,-0.01916,0.03727,0.73482,0.12914
1/1/2014,PAK,PKR,Pakistan,320,105.415,3.035621117,1199.111,2.674659991,0.20341,0.03293,0.09235,0.82693,0.1891
1/1/2014,PER,PEN,Peru,10,2.8065,3.563156957,5904.494,2.897148438,0.30407,0.11932,0.18372,0.97974,0.28856
1/1/2014,PHL,PHP,Philippines,135,45.23,2.984744639,2344.889,2.728836743,0.15975,-0.00455,0.05272,0.76065,0.14596
1/1/2014,POL,PLN,Poland,9.2,3.0684,2.998305306,13468.655,3.254810808,-0.02324,-0.16162,-0.11339,0.48284,-0.03486
1/1/2014,RUS,RUB,Russia,89,33.93925,2.62233255,12993.358,3.232336953,-0.13978,-0.26165,-0.21917,0.30592,-0.15002
1/1/2014,SAU,SAR,Saudi Arabia,11,3.7504,2.933020478,21196.287,3.620202709,-0.14095,-0.26265,-0.22023,0.30415,-0.15117
1/1/2014,SGP,SGD,Singapore,4.6,1.27885,3.596981663,49270.872,4.947676119,-0.22914,-0.33835,-0.30029,0.17026,-0.23831
1/1/2014,ZAF,ZAR,South Africa,23.5,10.87765,2.1603931,8078.451,2.999941413,-0.23642,-0.34459,-0.30689,0.15921,-0.2455
1/1/2014,KOR,KRW,South Korea,3700,1067.3,3.466691652,22424.062,3.678256592,-0.00067,-0.14224,-0.0929,0.51711,-0.01255
1/1/2014,SWE,SEK,Sweden,40.7,6.47315,6.287510717,57638.234,5.343316894,0.24768,0.07092,0.13253,0.89414,0.23284
1/1/2014,CHE,CHF,Switzerland,6.5,0.91005,7.1424647,83072.845,6.545962268,0.15694,-0.00696,0.05017,0.75638,0.14318
1/1/2014,TWN,TWD,Taiwan,79,30.161,2.619276549,20082.918,3.567558378,-0.22152,-0.33181,-0.29337,0.18183,-0.23078
1/1/2014,THA,THB,Thailand,96,32.875,2.920152091,5394.714,2.873044096,0.0777,-0.07497,-0.02176,0.63609,0.06489
1/1/2014,TUR,TRY,Turkey,8.5,2.26155,3.758484225,10362.609,3.107945111,0.28226,0.1006,0.16392,0.94663,0.26701
1/1/2014,USA,USD,United States,4.624166667,1,4.624166667,48327.861,4.903086964,0,-0.14167,-0.09229,0.51813,-0.01189
7/1/2014,ARG,ARS,Argentina,21,8.16875,2.570772762,11582.48,3.3448275,-0.18121,-0.30847,-0.29001,0.02935,-0.12533
7/1/2014,AUS,AUD,Australia,5.1,1.059378145,4.814145,67855.88,5.817860922,-0.11846,-0.25548,-0.2356,0.10823,-0.0583
7/1/2014,BRA,BRL,Brazil,13,2.22025,5.855196487,11437.393,3.338451397,0.86845,0.57804,0.62017,1.34892,0.99596
7/1/2014,GBR,GBP,Britain,2.89,0.586785589,4.925137996,38999.208,4.549703777,0.15324,-0.02601,0,0.4498,0.23194
7/1/2014,CAN,CAD,Canada,5.64,1.07405,5.251152181,52488.725,5.142524299,0.08783,-0.08125,-0.05671,0.36757,0.16207
7/1/2014,CHL,CLP,Chile,2100,564.14,3.722480235,15300.352,3.508215916,0.13039,-0.0453,-0.01981,0.42108,0.20754
7/1/2014,CHN,CNY,China,16.9,6.1983,2.726554055,6077.65,3.102908075,-0.06388,-0.20938,-0.18827,0.17684,0
7/1/2014,COL,COP,Colombia,8600,1847.65,4.654561199,7935.716,3.184564049,0.55709,0.31507,0.35019,0.9575,0.66335
7/1/2014,CZE,CZK,Czech Republic,70.45,20.3877,3.455514845,18699.467,3.657595997,0.00647,-0.14996,-0.12727,0.26529,0.07516
7/1/2014,DNK,DKK,Denmark,28.5,5.5388,5.145518885,56475.85,5.317745511,0.03083,-0.12939,-0.10615,0.29591,0.10118
7/1/2014,EGY,EGP,Egypt,16.93,7.15005,2.36781561,3178.951,2.975519655,-0.15225,-0.28401,-0.26489,0.06576,-0.09439
7/1/2014,EUZ,EUR,Euro area,3.67923829,0.742748914,4.95354247,36888.30379,4.456936383,0.18403,0,0.0267,0.48851,0.26484
7/1/2014,HKG,HKD,Hong Kong,18.8,7.75045,2.425665607,36590.443,4.443846367,-0.41849,-0.50887,-0.49576,-0.26895,-0.37881
7/1/2014,HUN,HUF,Hungary,860,228.30615,3.766871808,12543.959,3.387081384,0.18478,0.00064,0.02735,0.48946,0.26564
7/1/2014,IND,INR,India,105,60.08875,1.747415282,1514.634,2.902378321,-0.3586,-0.4583,-0.44383,-0.19367,-0.31483
7/1/2014,IDN,IDR,Indonesia,27939,11505,2.428422425,3590.662,2.993613018,-0.1358,-0.27012,-0.25064,0.08643,-0.07683
7/1/2014,ISR,ILS,Israel,17.5,3.4138,5.12625227,33450.928,4.305874865,0.2683,0.07117,0.09977,0.59445,0.35486
7/1/2014,JPN,JPY,Japan,370,101.53,3.644243081,46530.384,4.880674536,-0.20455,-0.32819,-0.31025,0,-0.15027
7/1/2014,MYS,MYR,Malaysia,7.63,3.1675,2.408839779,10387.16,3.292297063,-0.22054,-0.34169,-0.32411,-0.0201,-0.16735
7/1/2014,MEX,MXN,Mexico,42,12.93255,3.247619379,10110.686,3.280146927,0.05477,-0.10918,-0.08539,0.326,0.12675
7/1/2014,NZL,NZD,New Zealand,5.7,1.152737752,4.944750001,38384.906,4.522707196,0.16474,-0.01629,0.00997,0.46426,0.24423
7/1/2014,NOR,NOK,Norway,48,6.1873,7.757826516,99249.004,7.197486906,0.14827,-0.03021,-0.00431,0.44355,0.22663
7/1/2014,PAK,PKR,Pakistan,300,98.68,3.040129712,1260.736,2.891220327,0.1202,-0.05391,-0.02865,0.40826,0.19665
7/1/2014,PER,PEN,Peru,10,2.788,3.586800574,6549.636,3.123650329,0.22329,0.03315,0.06074,0.53786,0.30677
7/1/2014,PHL,PHP,Philippines,160,43.205,3.703275084,2611.503,2.950582156,0.3371,0.12927,0.15943,0.68093,0.42834
7/1/2014,POL,PLN,Poland,9.2,3.0714,2.995376701,12708.962,3.39433273,-0.05988,-0.20601,-0.1848,0.18187,0.00427
7/1/2014,RUS,RUB,Russia,89,34.83725,2.554736668,14015.75,3.451761825,-0.21152,-0.33407,-0.31629,-0.00876,-0.15771
7/1/2014,SAU,SAR,Saudi Arabia,11,3.75035,2.933059581,25139.004,3.940592763,-0.20705,-0.3303,-0.31242,-0.00315,-0.15294
7/1/2014,SGP,SGD,Singapore,4.7,1.238,3.79644588,53516.039,5.187671417,-0.22037,-0.34155,-0.32396,-0.01988,-0.16716
7/1/2014,ZAF,ZAR,South Africa,24.5,10.5145,2.330115555,7314.014,3.157242263,-0.21376,-0.33597,-0.31824,-0.01158,-0.16011
7/1/2014,KOR,KRW,South Korea,4100,1023.75,4.004884005,22590.158,3.828579248,0.11439,-0.05882,-0.03369,0.40096,0.19044
7/1/2014,SWE,SEK,Sweden,40.7,6.836,5.953774137,54829.105,5.24537641,0.2092,0.02126,0.04853,0.52016,0.29173
7/1/2014,CHE,CHF,Switzerland,6.16,0.9024,6.826241135,79344.253,6.322737656,0.15017,-0.0286,-0.00266,0.44594,0.22866
7/1/2014,TWN,TWD,Taiwan,79,29.982,2.634914282,20386.475,3.731734527,-0.24779,-0.3647,-0.34774,-0.05435,-0.19645
7/1/2014,THA,THB,Thailand,99,31.78,3.115166772,5390.414,3.072706282,0.08005,-0.08782,-0.06346,0.35779,0.15376
7/1/2014,TUR,TRY,Turkey,9.25,2.09125,4.423191871,10523.36,3.298282611,0.42867,0.20661,0.23883,0.79606,0.52617
7/1/2014,USA,USD,United States,4.795,1,4.795,51708.982,5.108257123,0,-0.15543,-0.13288,0.25715,0.06824
1/1/2015,ARG,ARS,Argentina,28,8.61,3.25203252,14708.613,3.112151502,0.0054,-0.00804,-0.02495,0.3439,0.06012
1/1/2015,AUS,AUD,Australia,5.3,1.227219734,4.318704999,64578.19,5.061202225,-0.179,-0.18998,-0.20378,0.09742,-0.13431
1/1/2015,BRA,BRL,Brazil,13.5,2.59275,5.206826728,11172.523,2.973950635,0.68455,0.66202,0.6337,1.25172,0.77623
1/1/2015,GBR,GBP,Britain,2.89,0.661594443,4.368234997,39371.653,4.076056127,0.03113,0.01733,0,0.37829,0.08724
1/1/2015,CAN,CAD,Canada,5.7,1.22855,4.639615807,52037.148,4.571061172,-0.02341,-0.03648,-0.05289,0.30539,0.02973
1/1/2015,CHL,CLP,Chile,2100,627.485,3.346693546,15775.713,3.153856929,0.02099,0.00733,-0.00983,0.36474,0.07655
1/1/2015,CHN,CNY,China,17.2,6.2115,2.769057394,6958.686,2.809261409,-0.05161,-0.0643,-0.08024,0.26769,0
1/1/2015,COL,COP,Colombia,7900,2364.98,3.340408798,8030.715,2.851159476,0.12726,0.11218,0.09323,0.50679,0.18861
1/1/2015,CZE,CZK,Czech Republic,70.45,24.13325,2.919208975,18871.009,3.274830262,-0.14233,-0.1538,-0.16822,0.14644,-0.09565
1/1/2015,DNK,DKK,Denmark,34.5,6.4174,5.376008976,59129.127,4.848236709,0.0669,0.05263,0.03469,0.4261,0.12496
1/1/2015,EGY,EGP,Egypt,16.93,7.35005,2.303385691,3242.857,2.66403581,-0.1681,-0.17922,-0.19321,0.11199,-0.12282
1/1/2015,EUZ,EUR,Euro area,3.68,0.863073404,4.263832002,38643.6391,4.047603189,0.01356,0,-0.01704,0.3548,0.06872
1/1/2015,HKG,HKD,Hong Kong,18.8,7.75135,2.425383965,37955.448,4.020706643,-0.4196,-0.42737,-0.43712,-0.2242,-0.38802
1/1/2015,HUN,HUF,Hungary,860,271.39345,3.168831083,13387.975,3.060537059,-0.0038,-0.01712,-0.03387,0.33161,0.05042
1/1/2015,IND,INR,India,116.25,61.615,1.886715897,1509.495,2.596290891,-0.3008,-0.31016,-0.32191,-0.0654,-0.26275
1/1/2015,IDN,IDR,Indonesia,27939,12480,2.238701923,3509.824,2.674469671,-0.19461,-0.20539,-0.21892,0.07655,-0.15078
1/1/2015,ISR,ILS,Israel,17.5,3.93415,4.448228969,36926.33,3.980485664,0.07522,0.06084,0.04276,0.43723,0.13373
1/1/2015,JPN,JPY,Japan,370,117.765,3.141850295,38467.786,4.040730329,-0.25188,-0.26189,-0.27446,0,-0.21117
1/1/2015,MYS,MYR,Malaysia,7.63,3.6155,2.11035818,10456.887,2.945981461,-0.31076,-0.31998,-0.33156,-0.0787,-0.27325
1/1/2015,MEX,MXN,Mexico,49,14.6275,3.349854726,10649.907,2.953525255,0.09127,0.07667,0.05833,0.45868,0.15066
1/1/2015,NZL,NZD,New Zealand,5.9,1.313283866,4.492555001,40515.94,4.120778251,0.04896,0.03493,0.0173,0.40213,0.10605
1/1/2015,NOR,NOK,Norway,48,7.6225,6.297146605,100578.968,6.46821922,-0.06329,-0.07582,-0.09157,0.25208,-0.01231
1/1/2015,PAK,PKR,Pakistan,300,100.735,2.978110885,1274.756,2.587116596,0.10757,0.09275,0.07414,0.48047,0.16784
1/1/2015,PER,PEN,Peru,10,3.008,3.324468085,6540.989,2.792936573,0.14527,0.12995,0.1107,0.53086,0.20759
1/1/2015,PHL,PHP,Philippines,163,44.41,3.670344517,2790.878,2.646371132,0.33445,0.3166,0.29417,0.78374,0.40707
1/1/2015,POL,PLN,Poland,9.2,3.7066,2.48205903,13435.263,3.062385214,-0.22017,-0.2306,-0.24371,0.04238,-0.17773
1/1/2015,RUS,RUB,Russia,89,65.227,1.364465635,14591.33,3.107567735,-0.57754,-0.58319,-0.59029,-0.4353,-0.55455
1/1/2015,SAU,SAR,Saudi Arabia,11,3.7569,2.927945913,24953.086,3.512535839,-0.19797,-0.2087,-0.22218,0.07205,-0.15433
1/1/2015,SGP,SGD,Singapore,4.7,1.33315,3.525484754,55182.483,4.693990176,-0.27736,-0.28702,-0.29917,-0.03406,-0.23803
1/1/2015,ZAF,ZAR,South Africa,25.5,11.47875,2.221496243,6621.122,2.796068408,-0.23556,-0.24578,-0.25864,0.02181,-0.19396
1/1/2015,KOR,KRW,South Korea,4100,1083.3,3.784731838,25975.068,3.552477921,0.02506,0.01135,-0.00588,0.37018,0.08085
1/1/2015,SWE,SEK,Sweden,40.7,8.19145,4.968595304,58014.168,4.80466081,-0.00501,-0.01832,-0.03505,0.32998,0.04913
1/1/2015,CHE,CHF,Switzerland,6.5,0.86165,7.543666222,81276.126,5.713807003,0.27029,0.2533,0.23194,0.69797,0.33942
1/1/2015,TWN,TWD,Taiwan,79,31.493,2.508493951,20924.921,3.355103224,-0.28063,-0.29025,-0.30234,-0.03843,-0.24148
1/1/2015,THA,THB,Thailand,99,32.605,3.036344119,5675.8,2.759122426,0.05883,0.04467,0.02687,0.41532,0.11645
1/1/2015,TUR,TRY,Turkey,9.25,2.33345,3.96408751,10721.063,2.956306242,0.29015,0.27289,0.2512,0.72452,0.36036
1/1/2015,USA,USD,United States,4.79,1,4.79,53000.972,4.608730268,0,-0.01338,-0.03019,0.33668,0.05442
7/1/2015,ARG,ARS,Argentina,28,9.135,3.0651341,12873.16,2.969803584,-0.04758,-0.00358,-0.06011,0.30861,0.05029
7/1/2015,AUS,AUD,Australia,5.3,1.35126005,3.922265,61219.156,4.650389366,-0.22169,-0.18573,-0.23193,0.06939,-0.14171
7/1/2015,BRA,BRL,Brazil,13.5,3.15235,4.28251939,11604.471,2.925701882,0.35075,0.41316,0.33298,0.85591,0.48955
7/1/2015,GBR,GBP,Britain,2.89,0.640450877,4.512446003,45653.41,4.109298612,0.01333,0.06015,0,0.3923,0.11746
7/1/2015,CAN,CAD,Canada,5.85,1.2897,4.53593859,50397.862,4.274223512,-0.0207,0.02454,-0.03358,0.34554,0.07993
7/1/2015,CHL,CLP,Chile,2100,642.45,3.268736867,14477.099,3.025559123,-0.00304,0.04303,-0.01615,0.36982,0.09941
7/1/2015,CHN,CNY,China,17,6.2092,2.737872834,7588.996,2.786117413,-0.09319,-0.05129,-0.10511,0.24595,0
7/1/2015,COL,COP,Colombia,7900,2708.9,2.916312895,8075.644,2.803034092,-0.03991,0.00445,-0.05254,0.31915,0.05875
7/1/2015,CZE,CZK,Czech Republic,70,24.70225,2.833749962,19563.33,3.20236482,-0.18343,-0.1457,-0.19416,0.12196,-0.09951
7/1/2015,DNK,DKK,Denmark,34.59,6.81105,5.078512124,60563.623,4.627601968,0.01271,0.0595,-0.00061,0.39145,0.11678
7/1/2015,EGY,EGP,Egypt,16.93,7.83005,2.162182872,3303.752,2.637155332,-0.24341,-0.20845,-0.25336,0.03955,-0.16566
7/1/2015,EUZ,EUR,Euro area,3.7,0.912700224,4.053904998,40028.39054,3.913763749,-0.04416,0,-0.05673,0.31331,0.05406
7/1/2015,HKG,HKD,Hong Kong,19.2,7.7508,2.477163648,39871.096,3.908295933,-0.41511,-0.38809,-0.4228,-0.19637,-0.35501
7/1/2015,HUN,HUF,Hungary,900,282.8778,3.18158583,13881.131,3.004842302,-0.02293,0.02222,-0.03578,0.34249,0.07748
7/1/2015,IND,INR,India,116.25,63.43,1.832728993,1626.982,2.578868068,-0.3442,-0.3139,-0.35282,-0.09893,-0.27681
7/1/2015,IDN,IDR,Indonesia,30500,13344.5,2.285585822,3533.529,2.645142756,-0.20264,-0.1658,-0.21313,0.09556,-0.12071
7/1/2015,ISR,ILS,Israel,17.5,3.77835,4.631651382,36990.982,3.808178467,0.12234,0.17419,0.10758,0.54208,0.23767
7/1/2015,JPN,JPY,Japan,370,123.935,2.985435914,36331.742,3.785262208,-0.27219,-0.23857,-0.28176,0,-0.1974
7/1/2015,MYS,MYR,Malaysia,7.65,3.8065,2.009720215,10803.525,2.897859691,-0.36003,-0.33046,-0.36844,-0.12068,-0.29426
7/1/2015,MEX,MXN,Mexico,49,15.73975,3.113137121,10714.826,2.894776369,-0.0076,0.03826,-0.02065,0.36355,0.09438
7/1/2015,NZL,NZD,New Zealand,5.9,1.509092281,3.909635,43837.294,4.046167454,-0.10835,-0.06715,-0.12007,0.22513,-0.01672
7/1/2015,NOR,NOK,Norway,46,8.14255,5.649335896,97013.261,5.894650916,-0.11561,-0.07475,-0.12724,0.21514,-0.02473
7/1/2015,PAK,PKR,Pakistan,350,101.7,3.441494592,1342.73,2.568987005,0.2362,0.29332,0.21995,0.69853,0.36324
7/1/2015,PER,PEN,Peru,10,3.1835,3.141196796,6458.287,2.746812121,0.05529,0.10405,0.04141,0.44995,0.16373
7/1/2015,PHL,PHP,Philippines,163,45.2125,3.605197678,2865.485,2.621920456,0.26886,0.32749,0.25218,0.7434,0.39925
7/1/2015,POL,PLN,Poland,9.6,3.7736,2.543989824,14378.622,3.022135902,-0.22321,-0.18731,-0.23342,0.06731,-0.14338
7/1/2015,RUS,RUB,Russia,107,56.815,1.883305465,12925.964,2.971639137,-0.41517,-0.38815,-0.42286,-0.19645,-0.35507
7/1/2015,SAU,SAR,Saudi Arabia,12,3.75055,3.199530735,24454.016,3.372373053,-0.1245,-0.08405,-0.13601,0.20293,-0.03453
7/1/2015,SGP,SGD,Singapore,4.7,1.3664,3.43969555,56319.338,4.48006369,-0.2915,-0.25876,-0.30082,-0.02653,-0.21869
7/1/2015,ZAF,ZAR,South Africa,26,12.41455,2.094316749,6482.753,2.747662599,-0.29663,-0.26413,-0.30588,-0.03358,-0.22435
7/1/2015,KOR,KRW,South Korea,4300,1143.5,3.760384784,28100.717,3.499138335,-0.00831,0.03751,-0.02135,0.36257,0.0936
7/1/2015,SWE,SEK,Sweden,43.7,8.52265,5.127513156,58491.468,4.555570476,0.03865,0.08664,0.02499,0.42709,0.14538
7/1/2015,CHE,CHF,Switzerland,6.5,0.9528,6.821998321,87475.464,5.563101515,0.13162,0.1839,0.11674,0.55483,0.2479
7/1/2015,TWN,TWD,Taiwan,79,31.02,2.546744036,22597.73,3.307845519,-0.28953,-0.25671,-0.29887,-0.02382,-0.21652
7/1/2015,THA,THB,Thailand,108,34.0875,3.168316832,5444.556,2.711573176,0.07823,0.12805,0.06405,0.48148,0.18903
7/1/2015,TUR,TRY,Turkey,10.25,2.6457,3.874210984,10482.14,2.886687823,0.23848,0.2957,0.22219,0.70166,0.36574
7/1/2015,USA,USD,United States,4.79,1,4.79,54596.653,4.420180345,0,0.0462,-0.01315,0.37399,0.10276
1/1/2016,ARG,ARS,Argentina,33,13.80925,2.389702554,12735.196,2.744473646,-0.24673,-0.18561,-0.18546,0.00577,-0.17072
1/1/2016,AUS,AUD,Australia,5.3,1.415728746,3.743655001,61066.154,4.509511473,-0.28182,-0.22355,-0.2234,-0.04108,-0.20935
1/1/2016,BRA,BRL,Brazil,13.5,4.0248,3.354203936,11572.7,2.702019503,0.07391,0.16104,0.16126,0.43389,0.18227
1/1/2016,GBR,GBP,Britain,2.89,0.684532977,4.221856502,45729.267,3.949411139,-0.07522,-0.00019,0,0.23477,0.01809
1/1/2016,CAN,CAD,Canada,5.84,1.4092,4.144195288,50304.025,4.116480472,-0.12907,-0.05841,-0.05823,0.16287,-0.0412
1/1/2016,CHL,CLP,Chile,2100,715.215,2.93618003,14479.829,2.808187327,-0.09547,-0.02208,-0.02189,0.20774,-0.0042
1/1/2016,CHN,CNY,China,17.6,6.5582,2.6836632,7571.543,2.555897974,-0.09165,-0.01796,-0.01777,0.21283,0
1/1/2016,COL,COP,Colombia,7900,3253.9,2.427855804,7928.061,2.568917947,-0.1824,-0.11607,-0.1159,0.09166,-0.09991
1/1/2016,CZE,CZK,Czech Republic,75,25.1442,2.982795237,19526.401,2.992487222,-0.1377,-0.06774,-0.06756,0.15135,-0.05069
1/1/2016,DNK,DKK,Denmark,30,6.9405,4.322455155,60947.383,4.505173978,-0.16998,-0.10264,-0.10247,0.10824,-0.08624
1/1/2016,EGY,EGP,Egypt,16.93,7.83005,2.162182872,3303.752,2.40003902,-0.22063,-0.1574,-0.15724,0.04061,-0.142
1/1/2016,EUZ,EUR,Euro area,3.72,0.930232558,3.999000001,40001.31716,3.740227449,-0.07504,0,0.00019,0.23501,0.01828
1/1/2016,HKG,HKD,Hong Kong,19.2,7.75235,2.476668365,40032.534,3.741367483,-0.42733,-0.38087,-0.38075,-0.23537,-0.36955
1/1/2016,HUN,HUF,Hungary,900,292.67905,3.075040731,13869.538,2.78589961,-0.04511,0.03236,0.03256,0.27497,0.05124
1/1/2016,IND,INR,India,127,66.8025,1.901126455,1607.646,2.338097537,-0.29658,-0.23951,-0.23936,-0.06079,-0.2256
1/1/2016,IDN,IDR,Indonesia,30500,13947.5,2.186771823,3524.075,2.408085177,-0.2144,-0.15067,-0.15051,0.04893,-0.13514
1/1/2016,ISR,ILS,Israel,16.9,3.94105,4.288197308,37222.384,3.638741314,0.01951,0.10222,0.10243,0.36125,0.12238
1/1/2016,JPN,JPY,Japan,370,118.645,3.118546926,36221.812,3.602200606,-0.25105,-0.19029,-0.19013,0,-0.17548
1/1/2016,MYS,MYR,Malaysia,8,4.3925,1.821286283,11049.28,2.682904299,-0.41273,-0.36508,-0.36496,-0.21587,-0.35347
1/1/2016,MEX,MXN,Mexico,49,17.43675,2.810156709,10784.464,2.673233267,-0.09059,-0.0168,-0.01662,0.21425,0.00117
1/1/2016,NZL,NZD,New Zealand,5.9,1.508068165,3.912289999,43363.232,3.86300397,-0.12386,-0.05278,-0.0526,0.16983,-0.03546
1/1/2016,NOR,NOK,Norway,46.8,8.97465,5.214688038,96930.485,5.819270341,-0.22477,-0.16188,-0.16172,0.03508,-0.14656
1/1/2016,PAK,PKR,Pakistan,300,104.885,2.86027554,1325.79,2.327804207,0.06299,0.14923,0.14945,0.41931,0.17025
1/1/2016,PER,PEN,Peru,10,3.418,2.925687537,6448.534,2.514885889,0.00642,0.08807,0.08827,0.34377,0.10796
1/1/2016,PHL,PHP,Philippines,131,47.0225,2.785900367,2862.38,2.383920195,0.01098,0.093,0.09321,0.34986,0.11299
1/1/2016,POL,PLN,Poland,9.6,4.0477,2.371717272,14411.495,2.805691782,-0.26871,-0.20938,-0.20923,-0.02358,-0.19492
1/1/2016,RUS,RUB,Russia,114,74.655,1.527024312,12717.687,2.743834221,-0.51854,-0.47948,-0.47938,-0.35716,-0.46997
1/1/2016,SAU,SAR,Saudi Arabia,12,3.7543,3.196334869,24252.173,3.165071559,-0.12635,-0.05547,-0.05529,0.1665,-0.0382
1/1/2016,SGP,SGD,Singapore,4.7,1.43725,3.270133936,56286.553,4.334961311,-0.3474,-0.29445,-0.29432,-0.12864,-0.28155
1/1/2016,ZAF,ZAR,South Africa,28,15.81375,1.770611019,6482.753,2.516135561,-0.39122,-0.34183,-0.34171,-0.18716,-0.3298
1/1/2016,KOR,KRW,South Korea,4300,1197.75,3.590064705,27970.494,3.300863968,-0.0591,0.01723,0.01743,0.25629,0.03583
1/1/2016,SWE,SEK,Sweden,45,8.60185,5.231432773,58538.061,4.417185975,0.02457,0.1077,0.10791,0.36801,0.12795
1/1/2016,CHE,CHF,Switzerland,6.5,1.0088,6.443298969,86468.355,5.43719525,0.02518,0.10836,0.10857,0.36883,0.12862
1/1/2016,TWN,TWD,Taiwan,69,33.2315,2.076343229,22599.765,3.104725918,-0.42145,-0.37451,-0.37439,-0.22751,-0.36307
1/1/2016,THA,THB,Thailand,112,36.22,3.092214246,5896.361,2.494720631,0.0723,0.1593,0.15952,0.43174,0.18049
1/1/2016,TUR,TRY,Turkey,10.25,3.0096,3.405768208,10381.025,2.658499748,0.10827,0.19819,0.19842,0.47977,0.2201
1/1/2016,USA,USD,United States,4.93,1,4.93,54369.826,4.264962788,0,0.08113,0.08134,0.3352,0.1009
7/1/2016,ARG,ARS,Argentina,50,14.935,3.347840643,13588.846,3.12301258,0.02073,0.00402,0.17564,0.19764,0.11643
7/1/2016,AUS,AUD,Australia,5.75,1.335737661,4.3047375,50961.865,4.606699723,-0.11024,-0.1248,0.02481,0.04398,-0.02681
7/1/2016,BRA,BRL,Brazil,15.5,3.24145,4.781810609,8669.998,2.927737171,0.55517,0.52972,0.79121,0.82471,0.70099
7/1/2016,GBR,GBP,Britain,2.99,0.758840492,3.940221999,43770.688,4.321214174,-0.13177,-0.14598,0,0.01871,-0.05037
7/1/2016,CAN,CAD,Canada,6,1.303,4.60475825,43331.961,4.303796967,0.01876,0.00209,0.17338,0.19533,0.11428
7/1/2016,CHL,CLP,Chile,2300,651.12,3.532374985,13340.905,3.113169466,0.08039,0.06271,0.24437,0.26765,0.18169
7/1/2016,CHN,CNY,China,18.6,6.678,2.785265049,7989.72,2.90073053,-0.08572,-0.10069,0.05304,0.07274,0
7/1/2016,COL,COP,Colombia,8900,2929,3.03857972,6083.51,2.8250551,0.02415,0.00739,0.17958,0.20165,0.12017
7/1/2016,CZE,CZK,Czech Republic,75,24.54655,3.055419193,17256.918,3.268632907,-0.10993,-0.1245,0.02516,0.04433,-0.02648
7/1/2016,DNK,DKK,Denmark,30,6.75715,4.439741607,52114.165,4.652445364,-0.09135,-0.10622,0.04655,0.06613,-0.00616
7/1/2016,EGY,EGP,Egypt,23,8.87995,2.590104674,3740.249,2.732029,-0.09729,-0.11206,0.03972,0.05917,-0.01265
7/1/2016,EUZ,EUR,Euro area,3.82,0.908306463,4.205628998,34142.38535,3.938976152,0.01664,0,0.17093,0.19284,0.11196
7/1/2016,HKG,HKD,Hong Kong,19.2,7.7554,2.475694355,42389.63,4.266386973,-0.44747,-0.45651,-0.36361,-0.35171,-0.39567
7/1/2016,HUN,HUF,Hungary,900,285.6397,3.150822522,12239.894,3.069459969,-0.02258,-0.03858,0.12576,0.14682,0.06906
7/1/2016,IND,INR,India,162,67.2,2.410714286,1617.309,2.647749515,-0.13306,-0.14725,-0.00149,0.01719,-0.05178
7/1/2016,IDN,IDR,Indonesia,31000,13112.5,2.364156339,3362.357,2.717026907,-0.17148,-0.18504,-0.04574,-0.02789,-0.0938
7/1/2016,ISR,ILS,Israel,16.9,3.85875,4.379656625,35343.336,3.986653195,0.04604,0.02893,0.2048,0.22734,0.14412
7/1/2016,JPN,JPY,Japan,370,106.725,3.466854064,32485.545,3.873200552,-0.14772,-0.16166,-0.01836,0,-0.06781
7/1/2016,MYS,MYR,Malaysia,8,4.027,1.986590514,9556.774,2.962941664,-0.36158,-0.37203,-0.26469,-0.25093,-0.30173
7/1/2016,MEX,MXN,Mexico,44,18.535,2.37388724,9009.28,2.94120647,-0.23148,-0.24406,-0.11484,-0.09829,-0.15943
7/1/2016,NZL,NZD,New Zealand,6,1.421363087,4.221300001,37044.891,4.05420394,-0.00858,-0.0248,0.14189,0.16326,0.08438
7/1/2016,NOR,NOK,Norway,46.8,8.49355,5.510063519,74822.106,5.55393743,-0.05534,-0.0708,0.08803,0.10838,0.03323
7/1/2016,PAK,PKR,Pakistan,375,104.82,3.577561534,1449.978,2.641106572,0.28979,0.26868,0.48555,0.51334,0.41072
7/1/2016,PER,PEN,Peru,10,3.30585,3.024940636,6021.104,2.822577619,0.02044,0.00374,0.17532,0.19731,0.11612
7/1/2016,PHL,PHP,Philippines,133,47.115,2.822880187,2858.144,2.697009944,-0.00338,-0.01969,0.14788,0.16935,0.09006
7/1/2016,POL,PLN,Poland,9.6,3.96565,2.420788521,12495.334,3.079600788,-0.25152,-0.26377,-0.13792,-0.12179,-0.18134
7/1/2016,RUS,RUB,Russia,130,63.40755,2.050229034,9054.914,2.943018113,-0.33667,-0.34753,-0.236,-0.22171,-0.27448
7/1/2016,SAU,SAR,Saudi Arabia,12,3.7505,3.19957339,20812.586,3.409790861,-0.10652,-0.12115,0.02908,0.04833,-0.02275
7/1/2016,SGP,SGD,Singapore,5.45,1.3577,4.014141563,52887.77,4.683157033,-0.18385,-0.1972,-0.05998,-0.04239,-0.10732
7/1/2016,ZAF,ZAR,South Africa,30,14.27375,2.101760224,5694.572,2.809614488,-0.28771,-0.29937,-0.17961,-0.16426,-0.22093
7/1/2016,KOR,KRW,South Korea,4400,1140.95,3.856435427,27195.197,3.66317681,0.00241,-0.01399,0.15455,0.17615,0.0964
7/1/2016,SWE,SEK,Sweden,44.94,8.59485,5.228712543,49866.266,4.563205079,0.09105,0.07319,0.25664,0.28015,0.19334
7/1/2016,CHE,CHF,Switzerland,6.5,0.9861,6.591623568,80675.308,5.786306149,0.0847,0.06695,0.24933,0.2727,0.1864
7/1/2016,TWN,TWD,Taiwan,69,32.029,2.154297668,22287.562,3.468346552,-0.40857,-0.41825,-0.31881,-0.30607,-0.35312
7/1/2016,THA,THB,Thailand,119,34.965,3.403403403,5742.282,2.811508547,0.15264,0.13377,0.32758,0.35241,0.26071
7/1/2016,TUR,TRY,Turkey,10.75,3.04305,3.53263995,9437.372,2.958201474,0.13708,0.11847,0.30965,0.33415,0.24369
7/1/2016,USA,USD,United States,5.04,1,5.04,55805.204,4.798977468,0,-0.01636,0.15177,0.17332,0.09376
1/1/2017,ARG,ARS,Argentina,55,15.8575,3.468390352,13588.846,3.022911416,0.06267,0.0827,0.29627,0.32715,0.13626
1/1/2017,AUS,AUD,Australia,5.8,1.356668023,4.275180001,50961.865,4.495626583,-0.11923,-0.10264,0.07438,0.09997,-0.05824
1/1/2017,BRA,BRL,Brazil,16.5,3.22395,5.117945378,8669.998,2.829080084,0.67551,0.70708,1.04382,1.09251,0.79153
1/1/2017,GBR,GBP,Britain,3.09,0.82877507,3.728394002,43770.688,4.21225222,-0.18021,-0.16476,0,0.02382,-0.12344
1/1/2017,CAN,CAD,Canada,5.98,1.326,4.509803922,43331.961,4.194963815,-0.00431,0.01446,0.21457,0.2435,0.06464
1/1/2017,CHL,CLP,Chile,2450,672.805,3.641471154,13340.905,3.013141093,0.11932,0.14041,0.36537,0.39789,0.19683
1/1/2017,CHN,CNY,China,19.6,6.9266,2.829671123,7989.72,2.802273159,-0.06476,-0.04714,0.14082,0.168,0
1/1/2017,COL,COP,Colombia,9900,2994.625,3.305923112,6083.51,2.727157355,0.12274,0.1439,0.36954,0.40216,0.20049
1/1/2017,CZE,CZK,Czech Republic,75,25.81175,2.905653433,17256.918,3.16745487,-0.15037,-0.13436,0.0364,0.06108,-0.09154
1/1/2017,DNK,DKK,Denmark,30,7.10125,4.224608344,52114.165,4.541033931,-0.13836,-0.12212,0.05105,0.07609,-0.07869
1/1/2017,EGY,EGP,Egypt,27.49,18.77,1.464571124,3740.249,2.634819189,-0.48518,-0.47548,-0.37201,-0.35705,-0.44953
1/1/2017,EUZ,EUR,Euro area,3.88,0.955246692,4.061778002,34142.38535,3.832840877,-0.0185,0,0.19726,0.22578,0.04947
1/1/2017,HKG,HKD,Hong Kong,19.2,7.75595,2.475518795,42389.63,4.157830471,-0.44856,-0.43817,-0.32735,-0.31132,-0.41038
1/1/2017,HUN,HUF,Hungary,900,294.6172,3.054811464,12239.894,2.969754831,-0.04729,-0.02934,0.16213,0.18982,0.01868
1/1/2017,IND,INR,India,170,68.3275,2.48801727,1617.309,2.551162957,-0.09674,-0.07972,0.10181,0.12806,-0.03419
1/1/2017,IDN,IDR,Indonesia,31000,13329,2.325755871,3362.357,2.619928038,-0.17781,-0.16232,0.00292,0.02681,-0.12088
1/1/2017,ISR,ILS,Israel,16.9,3.855,4.383916991,35343.336,3.880165345,0.04643,0.06615,0.27645,0.30686,0.11889
1/1/2017,JPN,JPY,Japan,380,116.665,3.257189388,32485.545,3.767551693,-0.19928,-0.18419,-0.02327,0,-0.14383
1/1/2017,MYS,MYR,Malaysia,8,4.4715,1.7891088,9556.774,2.864024236,-0.42143,-0.41053,-0.29425,-0.27744,-0.38136
1/1/2017,MEX,MXN,Mexico,49,21.9505,2.232295392,9009.28,2.842449776,-0.27263,-0.25892,-0.11274,-0.0916,-0.22226
1/1/2017,NZL,NZD,New Zealand,6,1.43358899,4.1853,37044.891,3.947216547,-0.01795,0.00055,0.19792,0.22646,0.05005
1/1/2017,NOR,NOK,Norway,49,8.64835,5.665820648,74822.106,5.435859396,-0.03464,-0.01644,0.17757,0.20562,0.03221
1/1/2017,PAK,PKR,Pakistan,375,104.775,3.579098067,1449.978,2.544569139,0.30273,0.32728,0.5891,0.62696,0.39294
1/1/2017,PER,PEN,Peru,11,3.3929,3.242064311,6021.104,2.724698194,0.10205,0.12281,0.3443,0.37632,0.17836
1/1/2017,PHL,PHP,Philippines,133,49.615,2.680640935,2858.144,2.600059101,-0.04511,-0.02712,0.16479,0.19254,0.02101
1/1/2017,POL,PLN,Poland,9.6,4.17215,2.300971921,12495.334,2.979820658,-0.28482,-0.27134,-0.1276,-0.10682,-0.23529
1/1/2017,RUS,RUB,Russia,130,60.4375,2.15098242,9054.914,2.844248022,-0.29957,-0.28637,-0.1456,-0.12525,-0.25107
1/1/2017,SAU,SAR,Saudi Arabia,12,3.75065,3.199445429,20812.586,3.307568951,-0.10409,-0.08721,0.09284,0.11888,-0.04206
1/1/2017,SGP,SGD,Singapore,5.6,1.43875,3.892267593,52887.77,4.571518485,-0.21143,-0.19657,-0.03809,-0.01518,-0.15683
1/1/2017,ZAF,ZAR,South Africa,26.32,13.9525,1.886400287,5694.572,2.711830926,-0.35573,-0.34359,-0.21411,-0.19539,-0.31112
1/1/2017,KOR,KRW,South Korea,4400,1196.45,3.677546074,27195.197,3.559081092,-0.04299,-0.02495,0.16738,0.19519,0.02328
1/1/2017,SWE,SEK,Sweden,48,9.12455,5.260533396,49866.266,4.452453585,0.09428,0.1149,0.33482,0.36662,0.17005
1/1/2017,CHE,CHF,Switzerland,6.5,1.0236,6.350136772,80675.308,5.666509731,0.03792,0.05748,0.26608,0.29623,0.10979
1/1/2017,TWN,TWD,Taiwan,69,31.905,2.162670428,22287.562,3.365691617,-0.40487,-0.39365,-0.27405,-0.25675,-0.36366
1/1/2017,THA,THB,Thailand,119,35.573,3.345233745,5742.282,2.713710979,0.14172,0.16324,0.39269,0.42587,0.22078
1/1/2017,TUR,TRY,Turkey,10.75,3.91115,2.748552216,9437.372,2.8593191,-0.1097,-0.09292,0.08601,0.11188,-0.04805
1/1/2017,USA,USD,United States,5.06,1,5.06,55805.204,4.686482419,0,0.01885,0.21982,0.24888,0.06925
7/1/2017,ARG,ARS,Argentina,70,16.9675,4.125534109,12502.822,3.200329258,0.20746,0.18934,0.4028,0.64016,0.33522
7/1/2017,AUS,AUD,Australia,5.9,1.303016483,4.527955001,51850.269,4.803226953,-0.11701,-0.13026,0.02584,0.19942,-0.02358
7/1/2017,BRA,BRL,Brazil,16.5,3.2343,5.101567573,8726.901,3.046509493,0.56851,0.54497,0.82227,1.1306,0.73448
7/1/2017,GBR,GBP,Britain,3.19,0.775885479,4.111431502,43770.688,4.474088908,-0.13926,-0.15217,0,0.1692,-0.04817
7/1/2017,CAN,CAD,Canada,5.97,1.2823,4.655696795,42210.132,4.410516509,-0.01126,-0.0261,0.1487,0.34306,0.09336
7/1/2017,CHL,CLP,Chile,2550,663.355,3.844095545,13575.996,3.244047168,0.10992,0.09327,0.28949,0.50768,0.22737
7/1/2017,CHN,CNY,China,19.8,6.7875,2.917127072,8113.257,3.021511466,-0.09569,-0.10926,0.05061,0.22838,0
7/1/2017,COL,COP,Colombia,9900,3052.16,3.243604529,5792.182,2.926957789,0.038,0.02242,0.20593,0.40998,0.14784
7/1/2017,CZE,CZK,Czech Republic,75,22.8561,3.281399714,18286.333,3.435932256,-0.10546,-0.11888,0.03926,0.21511,-0.0108
7/1/2017,DNK,DKK,Denmark,30,6.51255,4.606490545,53743.966,4.880370523,-0.1159,-0.12916,0.02714,0.20093,-0.02234
7/1/2017,EGY,EGP,Egypt,31.37,17.885,1.753983785,3684.574,2.841100122,-0.42174,-0.43042,-0.32818,-0.21451,-0.36055
7/1/2017,EUZ,EUR,Euro area,3.91,0.875695083,4.4650245,35066.00744,4.119486171,0.01523,0,0.17948,0.37906,0.12266
7/1/2017,HKG,HKD,Hong Kong,19.2,7.8115,2.457914613,43527.994,4.464202278,-0.48429,-0.49203,-0.40085,-0.29947,-0.42972
7/1/2017,HUN,HUF,Hungary,862,268.6239,3.208947528,12778.288,3.211550922,-0.06409,-0.07814,0.08732,0.2713,0.03494
7/1/2017,IND,INR,India,178,64.5575,2.757231925,1723.301,2.761203707,-0.06468,-0.07871,0.08664,0.2705,0.03429
7/1/2017,IDN,IDR,Indonesia,32126,13369.5,2.402932047,3604.291,2.837829632,-0.20688,-0.21878,-0.07856,0.07735,-0.12295
7/1/2017,ISR,ILS,Israel,16.9,3.5405,4.773337099,37262.4,4.208960657,0.06226,0.04632,0.23412,0.44294,0.17467
7/1/2017,JPN,JPY,Japan,380,113.06,3.361047232,38917.286,4.276375779,-0.26382,-0.27487,-0.14472,0,-0.18592
7/1/2017,MYS,MYR,Malaysia,8.6,4.2935,2.003027833,9556.774,3.080316045,-0.39092,-0.40006,-0.29237,-0.17264,-0.32646
7/1/2017,MEX,MXN,Mexico,49,17.79075,2.754240265,9009.28,3.058012772,-0.15638,-0.16904,-0.01989,0.14594,-0.06711
7/1/2017,NZL,NZD,New Zealand,6.1,1.376273053,4.432259999,37044.891,4.200099988,-0.01156,-0.02639,0.14836,0.34266,0.09304
7/1/2017,NOR,NOK,Norway,49,8.2852,5.914160189,74822.106,5.739031112,-0.03475,-0.04923,0.12141,0.31116,0.06739
7/1/2017,PAK,PKR,Pakistan,375,105.15,3.566333809,1449.978,2.750069343,0.21469,0.19646,0.4112,0.64998,0.34322
7/1/2017,PER,PEN,Peru,10.5,3.2515,3.229278794,6021.104,2.936283389,0.03013,0.01467,0.19679,0.39929,0.13914
7/1/2017,PHL,PHP,Philippines,134,50.5765,2.649451821,2858.144,2.807433828,-0.11604,-0.12931,0.02697,0.20074,-0.0225
7/1/2017,POL,PLN,Poland,10.1,3.7086,2.723399666,12495.334,3.200024219,-0.20284,-0.21481,-0.07387,0.08283,-0.11849
7/1/2017,RUS,RUB,Russia,137,60.1369,2.278135388,9054.914,3.059871765,-0.30263,-0.3131,-0.18981,-0.05272,-0.22884
7/1/2017,SAU,SAR,Saudi Arabia,12,3.75015,3.199872005,20812.586,3.538844272,-0.15305,-0.16576,-0.01603,0.15046,-0.06343
7/1/2017,SGP,SGD,Singapore,5.6,1.3777,4.06474559,52887.77,4.845491651,-0.21426,-0.22605,-0.08713,0.06733,-0.13111
7/1/2017,ZAF,ZAR,South Africa,30,13.27,2.260738508,5694.572,2.922981449,-0.27555,-0.28642,-0.15834,-0.01593,-0.19889
7/1/2017,KOR,KRW,South Korea,4400,1144.65,3.843969772,27538.806,3.812850424,-0.05569,-0.06986,0.09709,0.28272,0.04424
7/1/2017,SWE,SEK,Sweden,48.97,8.41565,5.818920701,49866.266,4.722404585,0.15416,0.13684,0.34088,0.56776,0.27629
7/1/2017,CHE,CHF,Switzerland,6.5,0.96415,6.741689571,80675.308,5.977473113,0.05642,0.04057,0.22733,0.435,0.16821
7/1/2017,TWN,TWD,Taiwan,69,30.4775,2.26396522,22287.562,3.598930397,-0.41077,-0.41962,-0.31545,-0.19962,-0.34842
7/1/2017,THA,THB,Thailand,119,34.0365,3.496246676,5742.282,2.924925012,0.11963,0.10282,0.30077,0.52086,0.2381
7/1/2017,TUR,TRY,Turkey,10.75,3.57605,3.006110094,9437.372,3.075451963,-0.08445,-0.09819,0.06367,0.24365,0.01243
7/1/2017,USA,USD,United States,5.3,1,5.3,55805.204,4.964339215,0,-0.01501,0.16179,0.35836,0.10582
1/1/2018,ARG,ARS,Argentina,75,18.9375,3.96039604,12493.909,3.369053069,0.18651,0.0587,0.21637,0.54674,0.1783
1/1/2018,AUS,AUD,Australia,5.9,1.253682693,4.706135,51737.228,5.074255265,-0.06388,-0.16471,-0.04032,0.22033,-0.07035
1/1/2018,BRA,BRL,Brazil,16.5,3.2279,5.111682518,8726.901,3.205368894,0.60963,0.43625,0.65015,1.09832,0.59849
1/1/2018,GBR,GBP,Britain,3.19,0.72285673,4.413045999,40049.779,4.566411785,-0.02456,-0.12962,0,0.2716,-0.0313
1/1/2018,CAN,CAD,Canada,6.55,1.2459,5.25724376,42224.939,4.66092692,0.13848,0.01585,0.16714,0.48413,0.13061
1/1/2018,CHL,CLP,Chile,2600,605.935,4.290889287,13575.996,3.416071955,0.26783,0.13127,0.29974,0.65275,0.25906
1/1/2018,CHN,CNY,China,20.4,6.432,3.171641791,8123.256,3.179139288,0.00696,-0.1015,0.03231,0.31269,0
1/1/2018,COL,COP,Colombia,10900,2844.12,3.832468391,5792.182,3.077849372,0.25681,0.12144,0.28845,0.63839,0.24812
1/1/2018,CZE,CZK,Czech Republic,79,20.747,3.807779438,18507.729,3.630365806,0.05867,-0.05536,0.08532,0.38009,0.05135
1/1/2018,DNK,DKK,Denmark,30,6.0827,4.93202032,53744.643,5.161481539,-0.03553,-0.13941,-0.01125,0.2573,-0.0422
1/1/2018,EGY,EGP,Egypt,34.21,17.7,1.932768362,3684.574,2.986269509,-0.34673,-0.4171,-0.33029,-0.1484,-0.35125
1/1/2018,EUZ,EUR,Euro area,3.95,0.816826629,4.835787497,35189.71087,4.355231919,0.12071,0,0.14893,0.46098,0.11296
1/1/2018,HKG,HKD,Hong Kong,20.5,7.819,2.621818647,43561.08,4.71898497,-0.43922,-0.49962,-0.4251,-0.26896,-0.4431
1/1/2018,HUN,HUF,Hungary,864,252.14215,3.426638505,12652.454,3.375942173,0.0245,-0.08585,0.05029,0.33555,0.01742
1/1/2018,IND,INR,India,180,63.86125,2.81861066,1741.652,2.901845588,-0.01961,-0.12521,0.00507,0.27805,-0.02639
1/1/2018,IDN,IDR,Indonesia,35750,13359,2.67609851,3604.291,2.982781049,-0.09443,-0.19197,-0.07164,0.1805,-0.1007
1/1/2018,ISR,ILS,Israel,16.5,3.43635,4.801606356,37192.14,4.442241546,0.091,-0.02652,0.11846,0.42223,0.08345
1/1/2018,JPN,JPY,Japan,380,110.725,3.431925943,38882.636,4.515697043,-0.2329,-0.31553,-0.21359,0,-0.2382
1/1/2018,MYS,MYR,Malaysia,9,3.954,2.276176024,9374.099,3.233490966,-0.28948,-0.36602,-0.2716,-0.07377,-0.2944
1/1/2018,MEX,MXN,Mexico,48,18.6635,2.57186487,8562.16,3.198210562,-0.18833,-0.27576,-0.1679,0.0581,-0.19394
1/1/2018,NZL,NZD,New Zealand,6.2,1.374664925,4.510190001,38277.934,4.489421508,0.01401,-0.09521,0.03954,0.32188,0.007
1/1/2018,NOR,NOK,Norway,49,7.8501,6.241958701,70553.114,5.891843862,0.06932,-0.04586,0.09624,0.39398,0.06193
1/1/2018,PAK,PKR,Pakistan,375,110.505,3.393511606,1440.967,2.888780212,0.1857,0.05798,0.21555,0.54569,0.1775
1/1/2018,PER,PEN,Peru,10.5,3.212,3.268991283,6203.656,3.095728756,0.06584,-0.04897,0.09267,0.38943,0.05846
1/1/2018,PHL,PHP,Philippines,134,50.725,2.641695416,2926.6,2.953333993,-0.09716,-0.19441,-0.07444,0.17695,-0.10341
1/1/2018,POL,PLN,Poland,10.1,3.40575,2.965572928,12361.266,3.363289461,-0.11001,-0.20588,-0.08761,0.1602,-0.11617
1/1/2018,RUS,RUB,Russia,130,56.745,2.290950745,8945.644,3.214873723,-0.28073,-0.35821,-0.26262,-0.06235,-0.28571
1/1/2018,SAU,SAR,Saudi Arabia,12,3.7503,3.19974402,20364.999,3.711067973,-0.12973,-0.22347,-0.10782,0.1345,-0.13575
1/1/2018,SGP,SGD,Singapore,5.8,1.32255,4.385467468,52960.558,5.127411447,-0.13671,-0.2297,-0.11498,0.12539,-0.14268
1/1/2018,ZAF,ZAR,South Africa,30,12.25815,2.447351354,5302.043,3.056551833,-0.19183,-0.27888,-0.17148,0.05354,-0.19742
1/1/2018,KOR,KRW,South Korea,4400,1069.25,4.115033902,27534.841,4.022612221,0.03253,-0.07868,0.05853,0.34602,0.02539
1/1/2018,SWE,SEK,Sweden,49.1,8.0188,6.12311069,51124.76,5.047642282,0.2244,0.09252,0.25522,0.59614,0.21593
1/1/2018,CHE,CHF,Switzerland,6.5,0.96085,6.764843628,80345.623,6.317348337,0.08084,-0.03558,0.10805,0.409,0.07337
1/1/2018,TWN,TWD,Taiwan,69,29.553,2.334788346,22496.997,3.803707631,-0.38045,-0.44718,-0.36485,-0.19234,-0.38473
1/1/2018,THA,THB,Thailand,119,31.95,3.72456964,5901.747,3.082610195,0.21954,0.08818,0.25024,0.58981,0.21111
1/1/2018,TUR,TRY,Turkey,10.75,3.8026,2.827013096,10817.406,3.296205597,-0.13433,-0.22757,-0.11254,0.1285,-0.14032
1/1/2018,USA,USD,United States,5.28,1,5.28,57607.613,5.329335459,0,-0.10771,0.02517,0.30361,-0.00692
7/1/2018,ARG,ARS,Argentina,75,27.725,2.705139766,14466.552,3.20374586,-0.22172,-0.25955,-0.1508,0.01206,-0.1923
7/1/2018,AUS,AUD,Australia,6.05,1.339853956,4.5154175,55707.275,4.920754372,-0.1542,-0.19531,-0.07712,0.09987,-0.12223
7/1/2018,BRA,BRL,Brazil,16.9,3.83835,4.402933552,9894.929,3.013411767,0.34674,0.28129,0.46947,0.75129,0.39766
7/1/2018,GBR,GBP,Britain,3.19,0.753863551,4.231535,39734.592,4.255750689,-0.08352,-0.12806,0,0.19178,-0.04887
7/1/2018,CAN,CAD,Canada,6.65,1.31235,5.06724578,45077.388,4.478191654,0.04297,-0.00772,0.13801,0.35626,0.0824
7/1/2018,CHL,CLP,Chile,2640,651.73,4.050757215,15070.413,3.228886896,0.15634,0.10014,0.26172,0.50369,0.20005
7/1/2018,CHN,CNY,China,20.5,6.622,3.095741468,8643.107,2.961293646,-0.03643,-0.08326,0.05138,0.25302,0
7/1/2018,COL,COP,Colombia,11900,2874.07,4.140469787,6272.818,2.862609479,0.33318,0.26838,0.45467,0.73365,0.38358
7/1/2018,CZE,CZK,Czech Republic,75,22.06475,3.399086779,20152.408,3.440469721,-0.08936,-0.13362,-0.00637,0.18418,-0.05494
7/1/2018,DNK,DKK,Denmark,30,6.3591,4.717648724,56444.103,4.95143133,-0.12179,-0.16448,-0.04176,0.14201,-0.08859
7/1/2018,EGY,EGP,Egypt,31.37,17.905,1.752024574,2500.772,2.705564824,-0.40312,-0.43213,-0.34873,-0.22383,-0.38056
7/1/2018,EUZ,EUR,Euro area,4.04,0.853205921,4.735082,37250.29028,4.152319738,0.05109,0,0.14687,0.36682,0.09082
7/1/2018,HKG,HKD,Hong Kong,20,7.84825,2.548338802,46109.124,4.521146757,-0.48047,-0.50572,-0.43313,-0.32441,-0.46083
7/1/2018,HUN,HUF,Hungary,850,276.4302,3.074917285,15531.209,3.24807159,-0.12741,-0.16982,-0.04789,0.1347,-0.09442
7/1/2018,IND,INR,India,173,68.825,2.513621504,1982.702,2.683995595,-0.13678,-0.17874,-0.05812,0.12252,-0.10415
7/1/2018,IDN,IDR,Indonesia,31500,14360,2.193593315,3875.771,2.762811274,-0.26818,-0.30375,-0.20148,-0.04835,-0.24051
7/1/2018,ISR,ILS,Israel,17,3.6349,4.676882445,40258.361,4.27755719,0.00777,-0.04121,0.09961,0.31049,0.04587
7/1/2018,JPN,JPY,Japan,390,111.25,3.505617978,38439.517,4.20183178,-0.231,-0.26837,-0.16092,0,-0.20193
7/1/2018,MYS,MYR,Malaysia,8.45,4.0225,2.100683654,9812.8,3.009992424,-0.35672,-0.38799,-0.2981,-0.16349,-0.33241
7/1/2018,MEX,MXN,Mexico,49,19.0515,2.57197596,9304.174,2.988816385,-0.20682,-0.24538,-0.13454,0.03143,-0.17684
7/1/2018,NZL,NZD,New Zealand,6.2,1.464343242,4.23398,41593.062,4.33312588,-0.09936,-0.14314,-0.01729,0.17117,-0.06532
7/1/2018,NOR,NOK,Norway,42,8.0415,5.222906174,74940.62,5.721511843,-0.1586,-0.19949,-0.08192,0.09415,-0.12679
7/1/2018,PAK,PKR,Pakistan,375,121.49,3.0866738,1541.08,2.665609188,0.06732,0.01545,0.16459,0.38793,0.10767
7/1/2018,PER,PEN,Peru,10.5,3.2715,3.20953691,6762.192,2.882983984,0.02613,-0.02374,0.11964,0.33436,0.06492
7/1/2018,PHL,PHP,Philippines,140,53.487,2.617458448,2976.307,2.725363159,-0.11477,-0.15779,-0.0341,0.15114,-0.0813
7/1/2018,POL,PLN,Poland,10.1,3.68695,2.739391638,13822.619,3.176936475,-0.20522,-0.24385,-0.13279,0.03352,-0.17517
7/1/2018,RUS,RUB,Russia,130,62.14065,2.092028326,10608.159,3.043106251,-0.36635,-0.39714,-0.3086,-0.17601,-0.34239
7/1/2018,SAU,SAR,Saudi Arabia,12,3.7504,3.199658703,21120.481,3.48077429,-0.15272,-0.1939,-0.0755,0.1018,-0.12068
7/1/2018,SGP,SGD,Singapore,5.8,1.35585,4.277759339,57713.335,5.004274297,-0.21209,-0.25038,-0.14029,0.02459,-0.1823
7/1/2018,ZAF,ZAR,South Africa,31,13.3619,2.320029337,6179.87,2.858739699,-0.25197,-0.28832,-0.1838,-0.02727,-0.22369
7/1/2018,KOR,KRW,South Korea,4500,1116,4.032258065,29891.255,3.845935046,-0.03362,-0.08059,0.05445,0.25667,0.00291
7/1/2018,SWE,SEK,Sweden,51,8.7526,5.826840025,53217.627,4.817100835,0.11493,0.06074,0.21654,0.44984,0.15708
7/1/2018,CHE,CHF,Switzerland,6.5,0.99325,6.544173169,80590.91,5.956754955,0.01262,-0.0366,0.1049,0.3168,0.0509
7/1/2018,TWN,TWD,Taiwan,69,30.3725,2.271791917,24576.665,3.624668405,-0.4223,-0.45038,-0.36965,-0.24877,-0.40046
7/1/2018,THA,THB,Thailand,119,33.17,3.587579138,6590.638,2.875841537,0.14984,0.09396,0.25463,0.49524,0.19331
7/1/2018,TUR,TRY,Turkey,10.75,4.70625,2.284196547,10511.996,3.039102619,-0.30723,-0.3409,-0.2441,-0.09913,-0.28104
7/1/2018,USA,USD,United States,5.51,1,5.51,59501.114,5.078706352,0,-0.0486,0.09113,0.30039,0.0378
1/1/2019,ARG,ARS,Argentina,75,37.455,2.002402883,14462.92,3.165211356,-0.41927,-0.4342,-0.33846,-0.26107,-0.39584
1/1/2019,AUS,AUD,Australia,6.1,1.401639919,4.352045,55692.73,4.945272771,-0.19215,-0.21292,-0.07974,0.02791,-0.15955
1/1/2019,BRA,BRL,Brazil,16.9,3.71795,4.545515674,9895.765,2.968028386,0.40586,0.36972,0.60148,0.78883,0.46259
1/1/2019,GBR,GBP,Britain,3.19,0.78320802,4.072992,39800.274,4.259129718,-0.12215,-0.14472,0,0.11698,-0.08673
1/1/2019,CAN,CAD,Canada,6.77,1.3314,5.084873066,45094.605,4.487707883,0.04012,0.01338,0.18485,0.32346,0.08209
1/1/2019,CHL,CLP,Chile,2640,678.99,3.888127955,15067.724,3.191323246,0.1184,0.08965,0.27402,0.42306,0.16353
1/1/2019,CHN,CNY,China,20.9,6.8497,3.051228521,8643.107,2.913945959,-0.03879,-0.0635,0.09497,0.22306,0
1/1/2019,COL,COP,Colombia,11900,3191.5,3.728654238,6379.606,2.81622126,0.21538,0.18414,0.3845,0.54646,0.26442
1/1/2019,CZE,CZK,Czech Republic,85,22.31165,3.80966894,20401.577,3.42160774,0.02208,-0.0042,0.1643,0.3005,0.06332
1/1/2019,DNK,DKK,Denmark,30,6.51545,4.604440215,56630.596,4.985764325,-0.15224,-0.17404,-0.03428,0.0787,-0.11803
1/1/2019,EGY,EGP,Egypt,40,17.91,2.233389168,2495.02,2.648507616,-0.22591,-0.24581,-0.1182,-0.01504,-0.19468
1/1/2019,EUZ,EUR,Euro area,4.05,0.872486149,4.6419075,37309.09338,4.151575148,0.02639,0,0.16921,0.30598,0.0678
1/1/2019,HKG,HKD,Hong Kong,20,7.83435,2.552860161,46080.481,4.530272228,-0.48272,-0.49601,-0.41074,-0.3418,-0.46184
1/1/2019,HUN,HUF,Hungary,850,280.26875,3.032803336,14209.443,3.154267705,-0.11738,-0.14007,0.00543,0.12305,-0.08177
1/1/2019,IND,INR,India,178,69.685,2.554351726,1976.093,2.626103391,-0.10711,-0.13007,0.01713,0.13612,-0.07109
1/1/2019,IDN,IDR,Indonesia,33000,14090,2.342086586,3875.769,2.708120261,-0.20611,-0.22652,-0.09564,0.01016,-0.17407
1/1/2019,ISR,ILS,Israel,17,3.70785,4.584867241,40272.966,4.279537787,-0.01654,-0.04182,0.12031,0.25136,0.02314
1/1/2019,JPN,JPY,Japan,390,108.44,3.596458871,38448.569,4.200771023,-0.21409,-0.23429,-0.10473,0,-0.18238
1/1/2019,MYS,MYR,Malaysia,9.05,4.1175,2.197935641,9755.178,2.961958663,-0.31882,-0.33633,-0.22403,-0.13326,-0.29133
1/1/2019,MEX,MXN,Mexico,49,19.30875,2.537709588,9318.823,2.943119413,-0.20848,-0.22883,-0.09834,0.00714,-0.17654
1/1/2019,NZL,NZD,New Zealand,6.2,1.479289941,4.1912,41572.269,4.335634071,-0.11261,-0.13543,0.01086,0.12912,-0.07681
1/1/2019,NOR,NOK,Norway,50,8.5329,5.859672561,75389.46,5.795662067,-0.07189,-0.09575,0.05725,0.18093,-0.03444
1/1/2019,PAK,PKR,Pakistan,460,138.88,3.312211982,1545.938,2.607531821,0.16605,0.13607,0.3283,0.48369,0.2131
1/1/2019,PER,PEN,Peru,10.5,3.3485,3.135732418,6731.851,2.831429133,0.01662,-0.00951,0.15809,0.29356,0.05765
1/1/2019,PHL,PHP,Philippines,140,52.3925,2.672138188,2988.897,2.669830329,-0.08124,-0.10486,0.0466,0.16904,-0.04417
1/1/2019,POL,PLN,Poland,10.5,3.74845,2.801157812,13821.233,3.137507074,-0.18044,-0.20151,-0.0664,0.04281,-0.14737
1/1/2019,RUS,RUB,Russia,110.17,66.685,1.652095674,10955.792,3.013794135,-0.49679,-0.50973,-0.42677,-0.35971,-0.47649
1/1/2019,SAU,SAR,Saudi Arabia,12,3.75115,3.199018968,21096.44,3.451607849,-0.14921,-0.17108,-0.03082,0.08255,-0.11488
1/1/2019,SGP,SGD,Singapore,5.8,1.3559,4.277601593,57713.335,5.032510646,-0.21973,-0.23979,-0.11116,-0.00718,-0.18825
1/1/2019,ZAF,ZAR,South Africa,31,13.8675,2.235442582,6179.87,2.80759783,-0.2691,-0.28789,-0.1674,-0.07,-0.23961
1/1/2019,KOR,KRW,South Korea,4500,1118.6,4.02288575,29938.45,3.833353989,-0.03665,-0.06141,0.0974,0.22578,0.00223
1/1/2019,SWE,SEK,Sweden,52,8.90625,5.838596491,52925.128,4.825783947,0.11063,0.08207,0.26517,0.41317,0.15544
1/1/2019,CHE,CHF,Switzerland,6.5,0.98165,6.62150461,80637.381,6.022236521,0.00931,-0.01663,0.14976,0.28426,0.05004
1/1/2019,TWN,TWD,Taiwan,69,30.803,2.240041554,24292.091,3.589577319,-0.42715,-0.44188,-0.34744,-0.2711,-0.40404
1/1/2019,THA,THB,Thailand,119,32.0075,3.717878622,6590.638,2.825332384,0.20796,0.17691,0.37605,0.53702,0.2567
1/1/2019,TUR,TRY,Turkey,10.75,5.3834,1.996879296,10537.186,2.995721183,-0.3881,-0.40383,-0.30296,-0.22142,-0.36341
1/1/2019,USA,USD,United States,5.58,1,5.58,59792.013,5.122255772,0,-0.02571,0.13915,0.27241,0.04035
7/9/2019,ARG,ARS,Argentina,120,41.8045,2.870504372,14588.01,3.237602874,-0.22903,-0.20112,-0.08767,0.02791,-0.12544
7/9/2019,AUS,AUD,Australia,6.15,1.443626389,4.260105,55957.72,4.83892897,-0.23445,-0.20673,-0.09408,0.02068,-0.13159
7/9/2019,BRA,BRL,Brazil,17.5,3.8073,4.596433168,9928.23,3.057233533,0.30737,0.35469,0.54708,0.74306,0.48302
7/9/2019,GBR,GBP,Britain,3.29,0.802181935,4.101314,39975.38,4.220289436,-0.15494,-0.12436,0,0.12668,-0.0414
7/9/2019,CAN,CAD,Canada,6.77,1.31305,5.155934656,45223.97,4.423450254,0.01356,0.05025,0.1994,0.35134,0.14974
7/9/2019,CHL,CLP,Chile,2640,689.75,3.827473722,15127.76,3.258495352,0.02141,0.05838,0.20869,0.3618,0.15864
7/9/2019,CHN,CNY,China,21,6.8846,3.050286146,8677.4,3.008816787,-0.11845,-0.08653,0.04319,0.17534,0
7/9/2019,COL,COP,Colombia,11900,3227,3.687635575,6325.49,2.917779773,0.09901,0.13879,0.30051,0.46526,0.24667
7/9/2019,CZE,CZK,Czech Republic,85,22.7993,3.728184637,20409.98,3.46295791,-0.06383,-0.02994,0.10782,0.24816,0.06195
7/9/2019,DNK,DKK,Denmark,30,6.6593,4.504978001,57380.2,4.893989892,-0.19955,-0.17058,-0.05278,0.06721,-0.092
7/9/2019,EGY,EGP,Egypt,42,16.615,2.527836293,2495.02,2.769511111,-0.20631,-0.17758,-0.06078,0.05819,-0.09967
7/9/2019,EUZ,EUR,Euro area,4.08,0.892339267,4.572252,37379.58307,4.119812121,-0.03493,0,0.14202,0.28669,0.09473
7/9/2019,HKG,HKD,Hong Kong,20.5,7.8105,2.624671916,46091.22,4.457019502,-0.48792,-0.46939,-0.39403,-0.31727,-0.41912
7/9/2019,HUN,HUF,Hungary,900,290.5412,3.097667388,14264.25,3.22507087,-0.16478,-0.13455,-0.01164,0.11356,-0.05256
7/9/2019,IND,INR,India,183,68.5544,2.669412904,2014.01,2.750892323,-0.15619,-0.12564,-0.00147,0.12502,-0.04281
7/9/2019,IDN,IDR,Indonesia,32000,14130,2.264685067,3884.72,2.823303194,-0.30248,-0.27723,-0.17459,-0.07003,-0.20877
7/9/2019,ISR,ILS,Israel,17,3.5667,4.766310595,40560.26,4.242928792,-0.02317,0.01219,0.15594,0.30238,0.10808
7/9/2019,JPN,JPY,Japan,390,108.765,3.585712316,38344.02,4.157143251,-0.24996,-0.22281,-0.11244,0,-0.14918
7/9/2019,MYS,MYR,Malaysia,8.85,4.1425,2.136391068,9827.67,3.053341087,-0.39157,-0.36955,-0.28001,-0.18881,-0.30982
7/9/2019,MEX,MXN,Mexico,50,18.89525,2.646167688,9376.99,3.035896303,-0.24206,-0.21462,-0.10309,0.01053,-0.14022
7/9/2019,NZL,NZD,New Zealand,6.4,1.513431706,4.2288,41350.26,4.273507871,-0.13953,-0.10838,0.01824,0.14723,-0.02391
7/9/2019,NOR,NOK,Norway,42,8.65275,4.853948167,75513.64,5.595893548,-0.24572,-0.21842,-0.10742,0.00565,-0.14438
7/9/2019,PAK,PKR,Pakistan,480,157.45,3.048586853,1545.94,2.732774412,-0.02994,0.00518,0.14793,0.29334,0.1004
7/9/2019,PER,PEN,Peru,10.5,3.2868,3.194596568,6728.09,2.933363491,-0.05299,-0.01871,0.12065,0.26261,0.07425
7/9/2019,PHL,PHP,Philippines,142,51.3175,2.767087251,2988.9,2.788628067,-0.13715,-0.10591,0.02106,0.15041,-0.02121
7/9/2019,POL,PLN,Poland,10.8,3.80775,2.836320662,13867.61,3.20971785,-0.23159,-0.20378,-0.0907,0.02449,-0.12835
7/9/2019,RUS,RUB,Russia,130,63.83875,2.036380725,10961.99,3.097247999,-0.42827,-0.40758,-0.32345,-0.23774,-0.35146
7/9/2019,SAU,SAR,Saudi Arabia,13,3.75035,3.466343141,21153.21,3.49172663,-0.13675,-0.1055,0.02153,0.15094,-0.02077
7/9/2019,SGP,SGD,Singapore,5.8,1.3613,4.260633218,59990.06,4.995011555,-0.25828,-0.23143,-0.12228,-0.01109,-0.15862
7/9/2019,ZAF,ZAR,South Africa,31,14.175,2.186948854,6182.25,2.912235283,-0.34699,-0.32336,-0.22726,-0.12937,-0.25926
7/9/2019,KOR,KRW,South Korea,4500,1180.55,3.811782644,29749.8,3.824480809,-0.13332,-0.10195,0.02559,0.15551,-0.01687
7/9/2019,SWE,SEK,Sweden,51,9.47505,5.382557348,52924.37,4.721514985,-0.00868,0.0272,0.17308,0.32168,0.12451
7/9/2019,CHE,CHF,Switzerland,6.5,0.99355,6.542197172,80642.58,5.79442299,-0.01821,0.01733,0.1618,0.30898,0.1137
7/9/2019,TWN,TWD,Taiwan,72,31.172,2.309765174,24389.68,3.617002922,-0.44471,-0.4246,-0.34289,-0.25965,-0.3701
7/9/2019,THA,THB,Thailand,119,30.8275,3.860189766,6730.56,2.933459099,0.14428,0.1857,0.35409,0.52563,0.29803
7/9/2019,TUR,TRY,Turkey,13.99,5.722,2.444949318,10537.19,3.08080497,-0.3099,-0.28492,-0.18337,-0.07992,-0.21718
7/9/2019,USA,USD,United States,5.74,1,5.74,59895,4.991332002,0,0.0362,0.18335,0.33326,0.13436
1/14/2020,ARG,ARS,Argentina,171,60.0656,2.846887403,11658.22,3.13200275,-0.18609,-0.16328,-0.11242,0.07256,-0.11131
1/14/2020,AUS,AUD,Australia,6.45,1.449065353,4.451145,56420.201,4.832140765,-0.17517,-0.15206,-0.10052,0.08694,-0.09939
1/14/2020,BRA,BRL,Brazil,19.9,4.1419,4.804558295,8958.576,3.029465568,0.4201,0.45989,0.54863,0.87138,0.55057
1/14/2020,GBR,GBP,Britain,3.39,0.76866905,4.4102205,42579.817,4.30645887,-0.083,-0.0573,0,0.20841,0.00125
1/14/2020,CAN,CAD,Canada,6.77,1.30655,5.181585091,46290.217,4.447386326,0.04325,0.07248,0.13767,0.37477,0.1391
1/14/2020,CHL,CLP,Chile,2640,772.74,3.416414318,15901.725,3.293178462,-0.07106,-0.04503,0.01301,0.22413,0.01428
1/14/2020,CHN,CNY,China,21.5,6.885,3.122730574,9580.239,3.053077412,-0.08414,-0.05848,-0.00125,0.2069,0
1/14/2020,COL,COP,Colombia,11900,3287.625,3.619634234,6641.507,2.941459251,0.10187,0.13275,0.20161,0.45203,0.20311
1/14/2020,CZE,CZK,Czech Republic,85,22.63095,3.755918333,23112.593,3.56705979,-0.05716,-0.03075,0.02817,0.24245,0.02946
1/14/2020,DNK,DKK,Denmark,30,6.71935,4.464717569,60897.231,5.002186163,-0.20078,-0.17839,-0.12845,0.05319,-0.12736
1/14/2020,EGY,EGP,Egypt,42,15.88,2.644836272,2573.288,2.786941206,-0.15023,-0.12642,-0.07332,0.11981,-0.07216
1/14/2020,EUZ,EUR,Euro area,4.12,0.899159286,4.582058,40247.32341,4.2178667,-0.02726,0,0.06079,0.28186,0.06211
1/14/2020,HKG,HKD,Hong Kong,20.5,7.77535,2.636537262,48450.607,4.529441701,-0.47878,-0.46418,-0.43161,-0.31315,-0.43089
1/14/2020,HUN,HUF,Hungary,900,298.7502,3.012550284,16484.19,3.315301497,-0.18634,-0.16354,-0.1127,0.07222,-0.11159
1/14/2020,IND,INR,India,188,70.87815,2.652439433,2037.692,2.766598337,-0.14152,-0.11747,-0.06382,0.13129,-0.06265
1/14/2020,IDN,IDR,Indonesia,33000,13670,2.414045355,3870.562,2.836213933,-0.23786,-0.2165,-0.16887,0.00434,-0.16783
1/14/2020,ISR,ILS,Israel,17,3.4595,4.914004914,41728.191,4.274112631,0.02949,0.05833,0.12266,0.35664,0.12407
1/14/2020,JPN,JPY,Japan,390,110.04,3.544165758,39303.958,4.182036039,-0.24115,-0.21989,-0.17247,0,-0.17143
1/14/2020,MYS,MYR,Malaysia,9.5,4.0745,2.331574426,11072.387,3.109751792,-0.32864,-0.30983,-0.26788,-0.1153,-0.26696
1/14/2020,MEX,MXN,Mexico,50,18.8205,2.656677559,9796.976,3.06130946,-0.22293,-0.20115,-0.15259,0.02401,-0.15153
1/14/2020,NZL,NZD,New Zealand,6.5,1.513546239,4.29455,41204.706,4.254229759,-0.09609,-0.07076,-0.01427,0.19116,-0.01304
1/14/2020,NOR,NOK,Norway,53,8.87515,5.971730055,81549.977,5.786613434,-0.07593,-0.05003,0.00771,0.21773,0.00897
1/14/2020,PAK,PKR,Pakistan,520,154.875,3.357546408,1565.427,2.74866089,0.09378,0.12443,0.19278,0.44137,0.19427
1/14/2020,PER,PEN,Peru,11.9,3.3276,3.57615098,7007.171,2.955347807,0.08352,0.11388,0.18159,0.42784,0.18307
1/14/2020,PHL,PHP,Philippines,142,50.58,2.807433768,3104.223,2.807107042,-0.10447,-0.07937,-0.02341,0.18011,-0.02219
1/14/2020,POL,PLN,Poland,11,3.7966,2.897329189,15425.681,3.275097482,-0.20786,-0.18566,-0.13616,0.04387,-0.13508
1/14/2020,RUS,RUB,Russia,135,61.4325,2.197533879,11289.439,3.117995805,-0.36891,-0.35123,-0.31179,-0.16836,-0.31093
1/14/2020,SAU,SAR,Saudi Arabia,13,3.7518,3.465003465,23538.94,3.583253192,-0.13412,-0.10986,-0.05575,0.14104,-0.05457
1/14/2020,SGP,SGD,Singapore,5.9,1.34715,4.379616227,64578.772,5.142017504,-0.23734,-0.21597,-0.16831,0.00502,-0.16727
1/14/2020,ZAF,ZAR,South Africa,31,14.391,2.154124105,6353.846,2.930533385,-0.34181,-0.32336,-0.28223,-0.13264,-0.28133
1/14/2020,KOR,KRW,South Korea,4500,1156.1,3.892396851,33319.988,3.954754434,-0.11869,-0.094,-0.03892,0.16137,-0.03772
1/14/2020,SWE,SEK,Sweden,51.5,9.4591,5.444492605,54356.073,4.753741587,0.02554,0.05428,0.11836,0.35144,0.11976
1/14/2020,CHE,CHF,Switzerland,6.5,0.96825,6.713142267,83161.895,5.847836888,0.02792,0.05673,0.12096,0.35458,0.12236
1/14/2020,TWN,TWD,Taiwan,72,29.8845,2.409275711,25007.747,3.63904104,-0.40717,-0.39056,-0.35351,-0.21878,-0.3527
1/14/2020,THA,THB,Thailand,115,30.2775,3.798199983,7448.119,2.97209578,0.14431,0.17638,0.24789,0.50796,0.24945
1/14/2020,TUR,TRY,Turkey,12.99,5.88025,2.20908975,9405.321,3.046433721,-0.35069,-0.3325,-0.29192,-0.14435,-0.29103
1/14/2020,USA,USD,United States,5.67,1,5.67,62868.917,5.077074232,0,0.02802,0.09051,0.31778,0.09187
7/1/2020,ARG,ARS,Argentina,250,71.24065,3.50923244,11658.22,3.087996935,0.02984,0.00978,0.15515,0.31736,0.10152
7/1/2020,AUS,AUD,Australia,6.55,1.430615165,4.57845,56420.201,4.911758362,-0.15528,-0.17173,-0.05249,0.08056,-0.09647
7/1/2020,BRA,BRL,Brazil,20.9,5.34045,3.913527886,8958.576,2.97800389,0.1909,0.16771,0.33581,0.52339,0.2738
7/1/2020,GBR,GBP,Britain,3.39,0.79255003,4.2773325,42579.817,4.347852165,-0.10848,-0.12584,0,0.14042,-0.04642
7/1/2020,CAN,CAD,Canada,6.88,1.3552,5.07674144,46290.217,4.499026985,0.02258,0.00267,0.14701,0.30808,0.09377
7/1/2020,CHL,CLP,Chile,2740,787.7,3.478481655,15901.725,3.260892338,-0.03331,-0.05214,0.08431,0.23658,0.03398
7/1/2020,CHN,CNY,China,21.7,7.0035,3.098450775,9580.239,3.003332639,-0.06508,-0.08329,0.04868,0.19594,0
7/1/2020,COL,COP,Colombia,11900,3617.01,3.290010257,6641.507,2.883598303,0.03394,0.0138,0.15975,0.32261,0.10591
7/1/2020,CZE,CZK,Czech Republic,89,23.4134,3.801242024,23112.593,3.554688605,-0.03093,-0.0498,0.08699,0.23963,0.03653
7/1/2020,DNK,DKK,Denmark,30,6.54935,4.580607236,60897.231,5.0941684,-0.18514,-0.20101,-0.08599,0.04236,-0.12842
7/1/2020,EGY,EGP,Egypt,42,15.95,2.63322884,2573.288,2.717844672,-0.122,-0.13909,-0.01516,0.12313,-0.06088
7/1/2020,EUZ,EUR,Euro area,4.21,0.879623521,4.7861385,40247.32341,4.252818126,0.01986,0,0.14396,0.3046,0.09086
7/1/2020,HKG,HKD,Hong Kong,20.5,7.75095,2.644837084,48450.607,4.587048915,-0.47749,-0.48766,-0.41391,-0.3316,-0.44111
7/1/2020,HUN,HUF,Hungary,900,311.37795,2.890378076,16484.19,3.284624022,-0.20255,-0.21808,-0.10552,0.02009,-0.14704
7/1/2020,IND,INR,India,190,75.1975,2.526679743,2037.692,2.696022597,-0.1507,-0.16724,-0.04736,0.08641,-0.09158
7/1/2020,IDN,IDR,Indonesia,34000,14435,2.355386214,3870.562,2.770700203,-0.22962,-0.24462,-0.13588,-0.01454,-0.17599
7/1/2020,ISR,ILS,Israel,17,3.4367,4.946605756,41728.191,4.31315391,0.03931,0.01907,0.16577,0.32947,0.11166
7/1/2020,JPN,JPY,Japan,390,107.275,3.635516197,39303.958,4.214382083,-0.21826,-0.23348,-0.12313,0,-0.16384
7/1/2020,MYS,MYR,Malaysia,9.99,4.2655,2.342046653,11072.387,3.064128026,-0.30734,-0.32083,-0.22305,-0.11395,-0.25912
7/1/2020,MEX,MXN,Mexico,50,22.436,2.228561241,9796.976,3.012163271,-0.32953,-0.34259,-0.24795,-0.14234,-0.28286
7/1/2020,NZL,NZD,New Zealand,6.6,1.51779616,4.34841,41204.706,4.291825279,-0.08183,-0.09972,0.02989,0.17451,-0.01792
7/1/2020,NOR,NOK,Norway,52,9.37105,5.549004647,81549.977,5.93563432,-0.15281,-0.16931,-0.04972,0.08372,-0.09384
7/1/2020,PAK,PKR,Pakistan,550,166.5,3.303303303,1565.427,2.67678085,0.11833,0.09655,0.2544,0.43055,0.19617
7/1/2020,PER,PEN,Peru,11.9,3.4973,3.402624882,7007.171,2.898496748,0.06383,0.04312,0.19328,0.36085,0.13789
7/1/2020,PHL,PHP,Philippines,142,49.426,2.872981831,3104.223,2.739476842,-0.04962,-0.06813,0.06602,0.21572,0.01654
7/1/2020,POL,PLN,Poland,11,3.94345,2.789435646,15425.681,3.241496621,-0.22016,-0.23535,-0.12527,-0.00244,-0.16588
7/1/2020,RUS,RUB,Russia,135,70.585,1.91258766,11289.439,3.072971493,-0.43598,-0.44696,-0.36735,-0.27851,-0.39672
7/1/2020,SAU,SAR,Saudi Arabia,14,3.75105,3.732288293,23538.94,3.572059489,-0.05313,-0.07157,0.06208,0.21122,0.01278
7/1/2020,SGP,SGD,Singapore,5.9,1.3876,4.251945806,64578.772,5.244167401,-0.26524,-0.27955,-0.17584,-0.06011,-0.2141
7/1/2020,ZAF,ZAR,South Africa,31,16.6725,1.859349228,6353.846,2.871877977,-0.41328,-0.42471,-0.34189,-0.24948,-0.37244
7/1/2020,KOR,KRW,South Korea,4500,1200.95,3.747033598,33319.988,3.97057398,-0.1448,-0.16146,-0.04074,0.09396,-0.08527
7/1/2020,SWE,SEK,Sweden,52.6,9.1384,5.755931016,54356.073,4.827658487,0.08047,0.05943,0.21194,0.38212,0.15568
7/1/2020,CHE,CHF,Switzerland,6.5,0.94125,6.905710491,83161.895,6.00130956,0.04279,0.02248,0.16967,0.33392,0.11538
7/1/2020,TWN,TWD,Taiwan,72,29.4565,2.444282247,25007.747,3.631903882,-0.39011,-0.40199,-0.3159,-0.21984,-0.34766
7/1/2020,THA,THB,Thailand,128,31.385,4.078381392,7448.119,2.916462529,0.26725,0.24258,0.42146,0.62106,0.35547
7/1/2020,TUR,TRY,Turkey,13.99,6.8595,2.039507253,9405.321,2.996205861,-0.38314,-0.39515,-0.30808,-0.21092,-0.3402
7/1/2020,USA,USD,United States,5.71,1,5.71,62868.917,5.174501861,0,-0.01947,0.12168,0.27919,0.06961
1/1/2021,ARG,ARS,Argentina,320,85.3736,3.748231303,9890.314,3.26374404,0.11556,-0.0095,0.18393,0.37871,0.0888
1/1/2021,AUS,AUD,Australia,6.48,1.299967501,4.98474,54348.227,5.057861613,-0.04267,-0.15,0.01599,0.18315,-0.06564
1/1/2021,AZE,AZN,Azerbaijan,3.95,1.699,2.324896998,4813.67,3.05887396,-0.26171,-0.34448,-0.21647,-0.08756,-0.27942
1/1/2021,BHR,BHD,Bahrain,1.5,0.377,3.978779841,25997.583,3.913759581,-0.01249,-0.12321,0.04802,0.22045,-0.03619
1/1/2021,BRA,BRL,Brazil,21.9,5.5046,3.978490717,8751.381,3.217781925,0.20101,0.06636,0.27461,0.48431,0.17219
1/1/2021,GBR,GBP,Britain,3.29,0.74137228,4.4377165,42378.606,4.574822578,-0.05774,-0.16338,0,0.16453,-0.08035
1/1/2021,CAN,CAD,Canada,6.77,1.2803,5.287823166,46271.717,4.731930692,0.08548,-0.03621,0.152,0.34154,0.05944
1/1/2021,CHL,CLP,Chile,2940,719.425,4.086596935,14772.111,3.460750989,0.14703,0.01844,0.21732,0.41761,0.11951
1/1/2021,CHN,CNY,China,22.4,6.4751,3.459406032,10286.58,3.27973552,0.02458,-0.09029,0.08737,0.26627,0
1/1/2021,COL,COP,Colombia,12950,3460.5,3.742233781,6423.179,3.123826365,0.16367,0.0332,0.23498,0.43816,0.13575
1/1/2021,CRI,CRC,Costa Rica,2350,613.77,3.828795803,12243.842,3.358721642,0.10732,-0.01683,0.17518,0.36852,0.08075
1/1/2021,HRV,HRK,Croatia,23,6.23875,3.686635945,14853.016,3.464015944,0.0338,-0.08211,0.09715,0.27766,0.00899
1/1/2021,CZE,CZK,Czech Republic,89,21.5909,4.122106999,23538.518,3.81452299,0.0497,-0.06799,0.11402,0.29731,0.02451
1/1/2021,DNK,DKK,Denmark,30,6.12065,4.901440207,59770.324,5.276672593,-0.09771,-0.19887,-0.04241,0.11514,-0.11936
1/1/2021,EGY,EGP,Egypt,42.5,15.64,2.717391304,3043.64,2.987443663,-0.11644,-0.2155,-0.06229,0.09198,-0.13764
1/1/2021,EUZ,EUR,Euro area,4.25,0.823011399,5.1639625,39378.28686,4.453743451,0.12627,0,0.19529,0.39194,0.09925
1/1/2021,GTM,GTQ,Guatemala,25,7.8009,3.204758425,4354.336,3.040337345,0.0239,-0.09089,0.08665,0.26543,-0.00067
1/1/2021,HND,HNL,Honduras,87,24.103,3.60950919,2550.666,2.967549492,0.1815,0.04904,0.25391,0.46021,0.15315
1/1/2021,HKG,HKD,Hong Kong,20.5,7.75535,2.643336535,48626.576,4.826962007,-0.46806,-0.5277,-0.43546,-0.34258,-0.48082
1/1/2021,HUN,HUF,Hungary,900,297.42395,3.025983617,16469.607,3.529254146,-0.16715,-0.26052,-0.11611,0.02931,-0.18713
1/1/2021,IND,INR,India,190,73.39,2.588908571,2097.782,2.94927317,-0.14732,-0.24292,-0.09507,0.05382,-0.16778
1/1/2021,IDN,IDR,Indonesia,34000,14125,2.407079646,4196.67,3.033974668,-0.22934,-0.31574,-0.18211,-0.04755,-0.24783
1/1/2021,ISR,ILS,Israel,17,3.179,5.347593583,43603.013,4.624234032,0.12332,-0.00262,0.19216,0.3883,0.09637
1/1/2021,JPN,JPY,Japan,390,104.295,3.739393068,40255.936,4.489161347,-0.19087,-0.28158,-0.14128,0,-0.21028
1/1/2021,JOR,JOD,Jordan,2.3,0.709,3.244005642,4425.687,3.043216745,0.03546,-0.08063,0.09891,0.27971,0.01062
1/1/2021,KWT,KWD,Kuwait,1.15,0.3037,3.786631544,28499.788,4.014737105,-0.08382,-0.18654,-0.02768,0.1323,-0.1058
1/1/2021,MYS,MYR,Malaysia,9.99,4.052,2.465449161,11193.016,3.316315121,-0.27785,-0.35882,-0.2336,-0.10751,-0.29518
1/1/2021,MEX,MXN,Mexico,54,20.11475,2.684597124,9862.44,3.262619173,-0.20072,-0.29033,-0.15174,-0.01218,-0.2199
1/1/2021,MDA,MDL,Moldova,50,17.225,2.90275762,4458.192,3.044528497,-0.07386,-0.1777,-0.01711,0.1446,-0.09608
1/1/2021,NZL,NZD,New Zealand,6.8,1.395089286,4.87424,41666.635,4.546090692,0.04149,-0.07528,0.10531,0.28716,0.0165
1/1/2021,NIC,NIO,Nicaragua,124,34.8453,3.558586093,1920.291,2.942110447,0.17491,0.04318,0.2469,0.45205,0.14672
1/1/2021,NOR,NOK,Norway,52,8.5439,6.086213556,75294.428,5.903154267,0.00149,-0.11079,0.06286,0.23773,-0.02254
1/1/2021,OMN,OMR,Oman,1.1,0.385,2.857142857,18198.309,3.599016634,-0.22886,-0.31532,-0.18161,-0.04696,-0.24736
1/1/2021,PAK,PKR,Pakistan,550,160.35,3.429996882,1348.676,2.919042686,0.1414,0.01343,0.21135,0.41064,0.11401
1/1/2021,PER,PEN,Peru,11.9,3.6207,3.286657276,6957.864,3.145403801,0.01499,-0.0988,0.07719,0.25442,-0.00936
1/1/2021,PHL,PHP,Philippines,142,48.0925,2.952643344,3511.935,3.006341903,-0.04598,-0.15294,0.01248,0.17906,-0.06887
1/1/2021,POL,PLN,Poland,13.08,3.7226,3.513673239,15600.657,3.494187307,-0.02321,-0.13272,0.03664,0.2072,-0.04665
1/1/2021,QAT,QAR,Qatar,13,3.641,3.570447679,62918.848,5.403732588,-0.35818,-0.43014,-0.31885,-0.20678,-0.37358
1/1/2021,ROU,RON,Romania,9.9,4.0089,2.469505351,12887.06,3.384678972,-0.29128,-0.37073,-0.24785,-0.1241,-0.30828
1/1/2021,RUS,RUB,Russia,135,74.63,1.808924025,11601.418,3.332796354,-0.47278,-0.53188,-0.44047,-0.34841,-0.48542
1/1/2021,SAU,SAR,Saudi Arabia,14,3.7518,3.731542193,23266.486,3.803545026,-0.04702,-0.15386,0.01138,0.17778,-0.06988
1/1/2021,SGP,SGD,Singapore,5.9,1.3308,4.433423505,65233.88,5.497156668,-0.2166,-0.30443,-0.16859,-0.0318,-0.23539
1/1/2021,ZAF,ZAR,South Africa,33.5,15.5225,2.158157513,5977.954,3.105859125,-0.32503,-0.4007,-0.28367,-0.16581,-0.34122
1/1/2021,KOR,KRW,South Korea,4500,1097.35,4.100788263,31846.217,4.149783639,-0.0401,-0.14772,0.01872,0.18633,-0.06313
1/1/2021,LKA,LKR,Sri Lanka,700,189,3.703703704,3852.484,3.020084899,0.19125,0.05769,0.26425,0.47225,0.16266
1/1/2021,SWE,SEK,Sweden,52.88,8.29525,6.374732528,51404.434,4.939063622,0.25372,0.11316,0.33055,0.54946,0.22364
1/1/2021,CHE,CHF,Switzerland,6.5,0.89155,7.290673546,82483.925,6.193289409,0.14349,0.01529,0.21356,0.41322,0.11605
1/1/2021,TWN,TWD,Taiwan,72,27.98,2.573266619,25873.367,3.908746793,-0.36051,-0.43221,-0.32132,-0.20966,-0.37586
1/1/2021,THA,THB,Thailand,128,30.13,4.248257551,7806.961,3.179669463,0.29782,0.15231,0.37735,0.60396,0.26668
1/1/2021,TUR,TRY,Turkey,14.99,7.4705,2.006559133,9150.862,3.233903147,-0.39729,-0.46486,-0.36035,-0.25512,-0.41175
1/1/2021,UKR,UAH,Ukraine,62,28.14,2.203269367,3706.765,3.014204348,-0.28997,-0.36957,-0.24645,-0.12248,-0.307
1/1/2021,ARE,AED,United Arab Emirates,14.75,3.67315,4.015626914,39179.883,4.445736781,-0.12261,-0.22097,-0.06884,0.08436,-0.14366
1/1/2021,USA,USD,United States,5.66,1,5.66,65253.518,5.497949167,0,-0.11211,0.06128,0.23589,-0.02399
1/1/2021,URY,UYU,Uruguay,204,42.495,4.800564772,16110.742,3.514772,0.32672,0.17798,0.40802,0.63968,0.29489
1/1/2021,VNM,VND,Vietnam,66000,23064,2.861602497,3416.232,3.002479768,-0.07421,-0.178,-0.01747,0.14418,-0.09642
7/1/2021,ARG,ARS,Argentina,380,96.33375,3.944619617,8554.64,3.256918489,0.16341,0.06551,0.15164,0.53862,0.16781
7/1/2021,AUS,AUD,Australia,6.55,1.366586949,4.7929625,52824.82,5.008309176,-0.08072,-0.15808,-0.09002,0.21575,-0.07724
7/1/2021,AZE,AZN,Azerbaijan,3.95,1.699,2.324896998,4218,3.085354902,-0.27617,-0.33709,-0.2835,-0.04274,-0.27344
7/1/2021,BHR,BHD,Bahrain,1.5,0.377,3.978779841,22402,3.804739559,0.00453,-0.08001,-0.00564,0.32849,0.00832
7/1/2021,BRA,BRL,Brazil,22.9,5.24865,4.363026683,6783.05,3.186831893,0.31512,0.20444,0.30181,0.73924,0.32009
7/1/2021,GBR,GBP,Britain,3.49,0.734672887,4.7504135,40406.28,4.517014239,0.01022,-0.07479,0,0.33602,0.01404
7/1/2021,CAN,CAD,Canada,6.77,1.2741,5.313554666,43278.22,4.630632231,0.10225,0.00949,0.0911,0.45773,0.10642
7/1/2021,CHL,CLP,Chile,2990,759.285,3.937915276,12989.6,3.432371755,0.10207,0.00932,0.09092,0.45748,0.10623
7/1/2021,CHN,CNY,China,22.4,6.4797,3.456950167,10483.88,3.333241942,-0.00376,-0.0876,-0.01384,0.31752,0
7/1/2021,COL,COP,Colombia,12950,3842.11,3.37054379,5335.59,3.129568336,0.03455,-0.05251,0.02408,0.36819,0.03846
7/1/2021,CRI,CRC,Costa Rica,2370,617.74,3.836565545,11982.28,3.392520756,0.08632,-0.0051,0.07533,0.43665,0.09042
7/1/2021,HRV,HRK,Croatia,24,6.39805,3.751142926,14072.08,3.475196189,0.03686,-0.0504,0.02637,0.37125,0.04078
7/1/2021,CZE,CZK,Czech Republic,89,21.80065,4.082447083,22578.83,3.811735203,0.02881,-0.05777,0.0184,0.3606,0.03269
7/1/2021,DNK,DKK,Denmark,30,6.3239,4.743908031,60494.2,5.311720654,-0.1421,-0.2143,-0.15078,0.13457,-0.13886
7/1/2021,EGY,EGP,Egypt,42.5,15.67,2.712188896,3586.97,3.060390466,-0.14871,-0.22035,-0.15732,0.12584,-0.14549
7/1/2021,EUZ,EUR,Euro area,4.27,0.850159405,5.0225875,37918.91884,4.418610728,0.09189,0,0.08084,0.44402,0.09601
7/1/2021,GTM,GTQ,Guatemala,26,7.7448,3.35709121,4288.75,3.088153871,0.04424,-0.04364,0.03368,0.38101,0.04818
7/1/2021,HND,HNL,Honduras,87,23.744,3.664083558,2382.88,3.012754969,0.16826,0.06994,0.15644,0.54502,0.17267
7/1/2021,HKG,HKD,Hong Kong,21,7.7729,2.701694348,46753.46,4.768117622,-0.45572,-0.50152,-0.46122,-0.28018,-0.45366
7/1/2021,HUN,HUF,Hungary,900,305.64505,2.944592101,15820.1,3.544350322,-0.20196,-0.26912,-0.21003,0.05541,-0.19895
7/1/2021,IND,INR,India,190,74.615,2.546404878,1964.88,2.9962183,-0.18362,-0.25233,-0.19188,0.07966,-0.18054
7/1/2021,IDN,IDR,Indonesia,34000,14517.5,2.342001033,3921.62,3.073629691,-0.26807,-0.32966,-0.27547,-0.03202,-0.2653
7/1/2021,ISR,ILS,Israel,17,3.29205,5.16395559,43688.58,4.646866651,0.06748,-0.02236,0.05668,0.41174,0.07151
7/1/2021,JPN,JPY,Japan,390,109.935,3.547550825,40146.07,4.506719965,-0.24386,-0.30749,-0.25151,0,-0.241
7/1/2021,JOR,JOD,Jordan,2.13,0.709,3.004231312,4259.26,3.086987205,-0.06517,-0.14384,-0.07462,0.23632,-0.06163
7/1/2021,KWT,KWD,Kuwait,1.25,0.3008,4.155585106,22105.09,3.792993381,0.05241,-0.03615,0.04177,0.39182,0.05639
7/1/2021,MYS,MYR,Malaysia,9.99,4.2245,2.364776897,10269.86,3.324775009,-0.31677,-0.37427,-0.32369,-0.09643,-0.31419
7/1/2021,MEX,MXN,Mexico,64,20.13525,3.178505358,8421.19,3.251639019,-0.06102,-0.14004,-0.07052,0.2418,-0.05747
7/1/2021,MDA,MDL,Moldova,52,17.98,2.892102336,4365.85,3.091204056,-0.10128,-0.17692,-0.11038,0.18855,-0.09789
7/1/2021,NZL,NZD,New Zealand,6.9,1.448750453,4.762725,41127.16,4.545533268,0.00648,-0.07822,-0.0037,0.33108,0.01029
7/1/2021,NIC,NIO,Nicaragua,128,35.2063,3.635712926,1869.71,2.992453241,0.16707,0.06886,0.15527,0.54346,0.17148
7/1/2021,NOR,NOK,Norway,57,9.0444,6.302242271,67176.43,5.576079086,0.08568,-0.00568,0.0747,0.43581,0.08978
7/1/2021,OMN,OMR,Oman,1.15,0.38505,2.986625114,14215.58,3.480873251,-0.17581,-0.24517,-0.18415,0.08999,-0.17269
7/1/2021,PAK,PKR,Pakistan,580,161.1,3.600248293,1260.01,2.96833265,0.16508,0.06703,0.15329,0.54082,0.16948
7/1/2021,PER,PEN,Peru,12.9,3.9511,3.264913568,6083.87,3.159171347,-0.00726,-0.09081,-0.01731,0.3129,-0.00351
7/1/2021,PHL,PHP,Philippines,142,50.35,2.820258193,3330.36,3.050238613,-0.11184,-0.18658,-0.12083,0.17459,-0.10848
7/1/2021,POL,PLN,Poland,13.43,3.90685,3.437551992,15653.56,3.537761765,-0.06662,-0.14517,-0.07607,0.23439,-0.0631
7/1/2021,QAT,QAR,Qatar,13,3.641,3.570447679,52144.16,4.981381308,-0.31149,-0.36943,-0.31846,-0.08945,-0.30889
7/1/2021,ROU,RON,Romania,10.6,4.1877,2.531222389,12797.1,3.424756184,-0.29004,-0.34978,-0.29722,-0.06107,-0.28735
7/1/2021,RUS,RUB,Russia,169,74.53,2.267543271,10037.24,3.315572234,-0.34305,-0.39833,-0.34969,-0.13118,-0.34057
7/1/2021,SAU,SAR,Saudi Arabia,14,3.7507,3.732636575,20178.23,3.716764085,-0.03531,-0.1165,-0.04507,0.2758,-0.03167
7/1/2021,SGP,SGD,Singapore,5.9,1.36825,4.312077471,58902.22,5.248739682,-0.21084,-0.27725,-0.21882,0.04367,-0.20785
7/1/2021,ZAF,ZAR,South Africa,33.5,14.6625,2.284739983,5067.15,3.118948472,-0.29634,-0.35555,-0.30346,-0.06941,-0.29368
7/1/2021,KOR,KRW,South Korea,4600,1150.35,3.998782979,31496.77,4.164541472,-0.07765,-0.15527,-0.08698,0.21981,-0.07416
7/1/2021,LKA,LKR,Sri Lanka,700,199.5,3.50877193,3678.73,3.064020621,0.10002,0.00745,0.08889,0.45477,0.10417
7/1/2021,SWE,SEK,Sweden,54,8.7165,6.195147135,51796.38,4.967622641,0.19795,0.09714,0.18583,0.58429,0.20248
7/1/2021,CHE,CHF,Switzerland,6.5,0.92275,7.044161474,86849.47,6.354372263,0.06486,-0.02475,0.05409,0.40828,0.06888
7/1/2021,TWN,TWD,Taiwan,72,28.0475,2.567073714,28305.92,4.038306951,-0.38937,-0.44076,-0.39555,-0.19245,-0.38707
7/1/2021,THA,THB,Thailand,128,32.81,3.901249619,7190.37,3.202946046,0.17001,0.07155,0.15817,0.54734,0.17443
7/1/2021,TUR,TRY,Turkey,19.99,8.55725,2.336030851,8548.18,3.256662923,-0.31096,-0.36895,-0.31793,-0.08875,-0.30836
7/1/2021,UKR,UAH,Ukraine,65,27.22,2.387950037,3653.11,3.063007057,-0.25112,-0.31414,-0.25869,-0.0096,-0.24829
7/1/2021,ARE,AED,United Arab Emirates,14.75,3.67315,4.015626914,31982.23,4.183746954,-0.07801,-0.1556,-0.08734,0.21933,-0.07453
7/1/2021,USA,USD,United States,5.65,1,5.65,63415.99,5.427310782,0,-0.08415,-0.01012,0.3225,0.00378
7/1/2021,URY,UYU,Uruguay,225,44,5.113636364,15777.96,3.542683205,0.38654,0.26986,0.37252,0.83371,0.39178
7/1/2021,VNM,VND,Vietnam,69000,23028.5,2.996287209,3498.98,3.056909458,-0.05846,-0.1377,-0.06799,0.24518,-0.05491
